Change Type,Empresa,Código,Título,Revisión,Fecha de emisión,Disciplina,Tipo de documento,Grupo de documento,Clase de documento,Estado,Fase/Área,Creado el,Área Húmeda
NEW,CONSORCIO CONSTRUCTOR PERU - CCP,3152CCP-AH-CC-DA-RFI-001,Solicitud de planos actualizados de puesta a tierra,0,04/02/2026,ELECTRICA,Solicitud de Información (Request For Informatión),Documentos,Técnicos,Revisión y Respuesta,Construcción,26/02/2026 23:45,3000 - Área Húmeda - General
NEW,CONSORCIO CONSTRUCTOR PERU - CCP,3152CCP-AH-CC-DA-RFI-002,CLASIFICACIÓN DE ÁREA CORROSIVA Y GENERALES,0,05/02/2026,ELECTRICA,Solicitud de Información (Request For Informatión),Documentos,Técnicos,Revisión y Respuesta,Construcción,26/02/2026 23:47,3000 - Área Húmeda - General
NEW,CONSORCIO CONSTRUCTOR PERU - CCP,3152CCP-AH-CC-DA-RFI-005,Detalle de instalación puesta a tierra y protección atmosférica,0,20/02/2026,ELECTRICA,Solicitud de Información (Request For Informatión),Documentos,Técnicos,Revisión y Respuesta,Construcción,26/02/2026 23:57,3300 - Extracción por Solventes
NEW,CONSORCIO CONSTRUCTOR PERU - CCP,3152CCP-AH-CC-DA-RFI-006,Detalle de instalación pozos a tierra,0,20/02/2026,ELECTRICA,Solicitud de Información (Request For Informatión),Documentos,Técnicos,Revisión y Respuesta,Construcción,27/02/2026 00:00,3300 - Extracción por Solventes
NEW,CONSORCIO CONSTRUCTOR PERU - CCP,3152CCP-AH-CC-DA-RFI-007,Detalle de puesta a tierra - sistema de control e instrumentación,0,24/02/2026,ELECTRICA,Solicitud de Información (Request For Informatión),Documentos,Técnicos,Revisión y Respuesta,Construcción,27/02/2026 00:03,3300 - Extracción por Solventes
NEW,CONSORCIO CONSTRUCTOR PERU - CCP,3152CCP-AH-CC-DA-RFI-008,Solicitud de planos sistema protección atmosférica,0,24/02/2026,ELECTRICA,Solicitud de Información (Request For Informatión),Documentos,Técnicos,Revisión y Respuesta,Construcción,27/02/2026 00:04,3300 - Extracción por Solventes
NEW,CONSORCIO CONSTRUCTOR PERU - CCP,3152CCP-AH-CC-DA-RFI-014,Protección atmosférica – sala eléctrica 820-ERP-001,0,17/03/2026,ELECTRICA,Solicitud de Información (Request For Informatión),Documentos,Técnicos,Revisión y Respuesta,Construcción,21/04/2026 15:07,"3820 - Bombeo, Pozas y Tuberías de PLS"
NEW,CONSORCIO CONSTRUCTOR PERU - CCP,3152CCP-AH-CC-DA-RFI-061,Línea eléctrica 23KV para las pozas del área 810/820/830,0,09/05/2026,ELECTRICA,Solicitud de Información (Request For Informatión),Documentos,Técnicos,Para Revisión y Comentarios,Construcción,06/07/2026 22:26,3000 - Área Húmeda - General
NEW,CONSORCIO CONSTRUCTOR PERU - CCP,3152CCP-AH-CC-DA-RFI-065,Definir canalización de bandejas porta cables,0,11/05/2026,ELECTRICA,Solicitud de Información (Request For Informatión),Documentos,Técnicos,Para Revisión y Comentarios,Construcción,06/07/2026 22:39,3500 - Depositación Electrolítica
NEW,CONSORCIO CONSTRUCTOR PERU - CCP,3152CCP-AH-CC-DA-RFI-141,Solicitud de definición de detalle de instalación de luminaria de alumbrado público en poste,0,01/07/2026,ELECTRICA,Solicitud de Información (Request For Informatión),Documentos,Técnicos,Para Revisión y Comentarios,Construcción,05/07/2026 14:09,3300 - Extracción por Solventes
NEW,CONSORCIO CONSTRUCTOR PERU - CCP,3152CCP-AH-CC-DA-RFI-184,Separación de soportes para bandeja área 3000,0,02/08/2026,ELECTRICA,Solicitud de Información (Request For Informatión),Documentos,Técnicos,Para Revisión y Comentarios,Construcción,22/08/2026 15:27,3000 - Área Húmeda - General
NEW,SOUTHERN PERU COPPER CORPORATION SUCURSAL DEL PERÚ,L4P22114-RNC-009,Desarrollo de Ingeniería de Detalle de la disciplina Eléctrica con errores,B,14/04/2026,ELECTRICA,Reporte de No Conformidad,Documentos,Técnicos,Para uso y aplicación,Ingeniería,26/06/2026 09:46,3000 - Área Húmeda - General
NEW,CUMBRA INGENIERÍA S.A.,P22-DA-0300-07-LY-003,DISPOSICIÓN DE EQUIPOS SALA ELÉCTRICA 300-ERS-002 - PLANTA,B,05/12/2025,ELECTRICA,Planos,Planos,Técnicos,Revisado con Comentarios,Ingeniería,05/12/2025 12:56,
NEW,CUMBRA INGENIERÍA S.A.,P22-DA-0300-07-LY-004,DISPOSICIÓN DE EQUIPOS SALA ELÉCTRICA 300-ERS-002 - SECCIONES,B,05/12/2025,ELECTRICA,Planos,Planos,Técnicos,Revisado con Comentarios,Ingeniería,05/12/2025 12:55,
NEW,CUMBRA INGENIERÍA S.A.,P22-DA-0300-07-SD-010,TREN B - DIAGRAMA UNIFILAR CCM 300-MCL-002 (2 DE 3),B,04/12/2025,ELECTRICA,Planos,Planos,Técnicos,Revisado con Comentarios,Ingeniería,05/12/2025 09:05,
NEW,CUMBRA INGENIERÍA S.A.,P22-DA-0300-07-SD-011,TREN B - DIAGRAMA UNIFILAR CCM 300-MCL-002 (3 DE 3),B,04/12/2025,ELECTRICA,Planos,Planos,Técnicos,Revisado con Comentarios,Ingeniería,05/12/2025 09:05,
NEW,CUMBRA INGENIERÍA S.A.,P22-DA-0400-07-SD-007,DIAGRAMA UNIFILAR CCM 400-MCL-001 (5 DE 5),B,05/12/2025,ELECTRICA,Planos,Planos,Técnicos,Revisado con Comentarios,Ingeniería,05/12/2025 14:58,
NEW,CUMBRA INGENIERÍA S.A.,P22-DA-3000-07-GL-001,Arreglo General Sistema de Tierra - Planta,0,17/07/2026,ELECTRICA,Planos,Planos,Técnicos,Informativo,Ingeniería,17/07/2026 17:49,3000 - Área Húmeda - General
NEW,CUMBRA INGENIERÍA S.A.,P22-DA-3000-07-LL-001,Arreglo General Alumbrado Exterior - Planta,0,24/06/2026,ELECTRICA,Planos,Planos,Técnicos,Revisado con Comentarios,Ingeniería,24/06/2026 11:50,3000 - Área Húmeda - General
NEW,CUMBRA INGENIERÍA S.A.,P22-DA-3000-07-LL-002,Arreglo General Alumbrado Exterior - Secciones (1 de 2),0,24/06/2026,ELECTRICA,Planos,Planos,Técnicos,Revisado y Validado,Ingeniería,24/06/2026 11:49,3000 - Área Húmeda - General
NEW,CUMBRA INGENIERÍA S.A.,P22-DA-3000-07-LL-003,Arreglo General Alumbrado Exterior - Secciones (2 de 2),0,24/06/2026,ELECTRICA,Planos,Planos,Técnicos,Revisado con Comentarios,Ingeniería,24/06/2026 11:48,3000 - Área Húmeda - General
NEW,CUMBRA INGENIERÍA S.A.,P22-DA-3000-07-LY-001,SUMINISTRO ELÉCTRICO 23 KV ÁREA HÚMEDA - DISPOSICIÓN DE CANALIZACIONES ELÉCTRICAS - PLANTA,0,21/07/2026,ELECTRICA,Planos,Planos,Técnicos,Informativo,Ingeniería,21/07/2026 16:15,3000 - Área Húmeda - General
NEW,CUMBRA INGENIERÍA S.A.,P22-DA-3000-07-LY-002,SUMINISTRO ELÉCTRICO 23 KV ÁREA HÚMEDA - DISPOSICIÓN DE CANALIZACIONES ELÉCTRICAS - PLANTA Y SECCIONES,0,21/07/2026,ELECTRICA,Planos,Planos,Técnicos,Informativo,Ingeniería,21/07/2026 16:19,3000 - Área Húmeda - General
NEW,CUMBRA INGENIERÍA S.A.,P22-DA-3000-07-LY-003,SUMINISTRO ELÉCTRICO 23 KV ÁREA HÚMEDA - DISPOSICIÓN DE CANALIZACIONES ELÉCTRICAS - SECCIONES Y DETALLES,0,21/07/2026,ELECTRICA,Planos,Planos,Técnicos,Informativo,Ingeniería,21/07/2026 16:21,3000 - Área Húmeda - General
NEW,CUMBRA INGENIERÍA S.A.,P22-DA-3000-07-LY-004,DISPOSICIÓN GENERAL DE CANALIZACIONES ELÉCTRICAS 23 kV- PLANTA,0,23/07/2026,ELECTRICA,Planos,Planos,Técnicos,Informativo,Ingeniería,23/07/2026 15:44,3000 - Área Húmeda - General
NEW,CUMBRA INGENIERÍA S.A.,P22-DA-3000-07-LY-005,DISPOSICIÓN DE CANALIZACIONES ELÉCTRICAS 23 kV- SECCIONES (1 DE 2),0,23/07/2026,ELECTRICA,Planos,Planos,Técnicos,Informativo,Ingeniería,23/07/2026 16:31,3000 - Área Húmeda - General
NEW,CUMBRA INGENIERÍA S.A.,P22-DA-3000-07-LY-006,DISPOSICIÓN DE CANALIZACIONES ELÉCTRICAS 23 kV- SECCIONES (2 DE 2),0,23/07/2026,ELECTRICA,Planos,Planos,Técnicos,Informativo,Ingeniería,23/07/2026 16:33,3000 - Área Húmeda - General
NEW,CUMBRA INGENIERÍA S.A.,P22-DA-3000-07-LY-007,SISTEMA DE RECTIFICACIÓN N°1 - CANALIZACIONES ELÉCTRICAS - PLANTA Y SECCIONES,0,29/07/2026,ELECTRICA,Planos,Planos,Técnicos,Informativo,Ingeniería,30/07/2026 08:52,3000 - Área Húmeda - General
NEW,CUMBRA INGENIERÍA S.A.,P22-DA-3000-07-LY-008,SISTEMA DE RECTIFICACIÓN N°2 - CANALIZACIONES ELÉCTRICAS - PLANTA Y SECCIONES,0,29/07/2026,ELECTRICA,Planos,Planos,Técnicos,Informativo,Ingeniería,30/07/2026 08:53,3000 - Área Húmeda - General
NEW,CUMBRA INGENIERÍA S.A.,P22-DA-3000-07-LY-009,CANALIZACIONES ELÉCTRICAS 23 kV - DESARROLLO DE BUZONES ELÉCTRICOS (1 DE 3),1,27/07/2026,ELECTRICA,Planos,Planos,Técnicos,Informativo,Ingeniería,27/07/2026 09:28,3000 - Área Húmeda - General
NEW,CUMBRA INGENIERÍA S.A.,P22-DA-3000-07-LY-010,CANALIZACIONES ELÉCTRICAS 23 kV - DESARROLLO DE BUZONES ELÉCTRICOS (2 DE 3),1,27/07/2026,ELECTRICA,Planos,Planos,Técnicos,Informativo,Ingeniería,27/07/2026 09:29,3000 - Área Húmeda - General
NEW,CUMBRA INGENIERÍA S.A.,P22-DA-3000-07-LY-011,CANALIZACIONES ELÉCTRICAS 23 kV - DESARROLLO DE BUZONES ELÉCTRICOS (3 DE 3),0,29/07/2026,ELECTRICA,Planos,Planos,Técnicos,Revisado con Comentarios,Ingeniería,30/07/2026 08:54,3000 - Área Húmeda - General
NEW,CUMBRA INGENIERÍA S.A.,P22-DA-3000-07-LY-012,SISTEMA DE RECTIFICACIÓN N°2 - CANALIZACIONES ELÉCTRICAS - SECCIONES Y DETALLES,B,11/08/2026,ELECTRICA,Planos,Planos,Técnicos,Revisado con Comentarios,Ingeniería,11/08/2026 14:31,3000 - Área Húmeda - General
NEW,CUMBRA INGENIERÍA S.A.,P22-DA-3000-07-RD-001,ESTÁNDARES CONSTRUCTIVOS - CANALIZACIONES DE FUERZA Y CONTROL (1 DE 7),0,28/04/2026,ELECTRICA,Planos,Planos,Técnicos,Informativo,Ingeniería,28/04/2026 12:24,3000 - Área Húmeda - General
NEW,CUMBRA INGENIERÍA S.A.,P22-DA-3000-07-RD-002,ESTÁNDARES CONSTRUCTIVOS - CANALIZACIONES DE FUERZA Y CONTROL (2 DE 7),0,28/04/2026,ELECTRICA,Planos,Planos,Técnicos,Informativo,Ingeniería,28/04/2026 12:25,3000 - Área Húmeda - General
NEW,CUMBRA INGENIERÍA S.A.,P22-DA-3000-07-RD-003,ESTÁNDARES CONSTRUCTIVOS - CANALIZACIONES DE FUERZA Y CONTROL (3 DE 7),0,28/04/2026,ELECTRICA,Planos,Planos,Técnicos,Informativo,Ingeniería,28/04/2026 12:26,3000 - Área Húmeda - General
NEW,CUMBRA INGENIERÍA S.A.,P22-DA-3000-07-RD-004,ESTÁNDARES CONSTRUCTIVOS - CANALIZACIONES DE FUERZA Y CONTROL (4 DE 7),0,28/04/2026,ELECTRICA,Planos,Planos,Técnicos,Informativo,Ingeniería,28/04/2026 12:27,3000 - Área Húmeda - General
NEW,CUMBRA INGENIERÍA S.A.,P22-DA-3000-07-RD-005,ESTÁNDARES CONSTRUCTIVOS - CANALIZACIONES DE FUERZA Y CONTROL (5 DE 7),0,28/04/2026,ELECTRICA,Planos,Planos,Técnicos,Informativo,Ingeniería,28/04/2026 12:28,3000 - Área Húmeda - General
NEW,CUMBRA INGENIERÍA S.A.,P22-DA-3000-07-RD-006,ESTÁNDARES CONSTRUCTIVOS - CANALIZACIONES DE FUERZA Y CONTROL (6 DE 7),0,28/04/2026,ELECTRICA,Planos,Planos,Técnicos,Informativo,Ingeniería,28/04/2026 12:29,3000 - Área Húmeda - General
NEW,CUMBRA INGENIERÍA S.A.,P22-DA-3000-07-RD-007,ESTÁNDARES CONSTRUCTIVOS - CANALIZACIONES DE FUERZA Y CONTROL (7 DE 7),0,28/04/2026,ELECTRICA,Planos,Planos,Técnicos,Informativo,Ingeniería,28/04/2026 12:29,3000 - Área Húmeda - General
NEW,CUMBRA INGENIERÍA S.A.,P22-DA-3000-07-RD-008,ESTÁNDARES CONSTRUCTIVOS - SISTEMA DE TIERRA Y PROTECCIÓN ATMOSFÉRICA (1 DE 4),0,19/03/2026,ELECTRICA,Planos,Planos,Técnicos,Revisado y Validado,Ingeniería,19/03/2026 10:35,3000 - Área Húmeda - General
NEW,CUMBRA INGENIERÍA S.A.,P22-DA-3000-07-RD-009,ESTÁNDARES CONSTRUCTIVOS - SISTEMA DE TIERRA Y PROTECCIÓN ATMOSFÉRICA (2 DE 4),0,19/03/2026,ELECTRICA,Planos,Planos,Técnicos,Revisado y Validado,Ingeniería,19/03/2026 10:36,3000 - Área Húmeda - General
NEW,CUMBRA INGENIERÍA S.A.,P22-DA-3000-07-RD-010,ESTÁNDARES CONSTRUCTIVOS - SISTEMA DE TIERRA Y PROTECCIÓN ATMOSFÉRICA (3 DE 4),0,05/05/2026,ELECTRICA,Planos,Planos,Técnicos,Revisado y Validado,Ingeniería,05/05/2026 17:59,3000 - Área Húmeda - General
NEW,CUMBRA INGENIERÍA S.A.,P22-DA-3000-07-RD-011,ESTÁNDARES CONSTRUCTIVOS - SISTEMA DE TIERRA Y PROTECCIÓN ATMOSFÉRICA (4 DE 4),0,05/05/2026,ELECTRICA,Planos,Planos,Técnicos,Revisado y Validado,Ingeniería,05/05/2026 17:59,3000 - Área Húmeda - General
NEW,CUMBRA INGENIERÍA S.A.,P22-DA-3000-07-RD-012,ESTÁNDARES CONSTRUCTIVOS - ALUMBRADO (1 DE 5),0,16/04/2026,ELECTRICA,Planos,Planos,Técnicos,Informativo,Ingeniería,16/04/2026 16:43,3000 - Área Húmeda - General
NEW,CUMBRA INGENIERÍA S.A.,P22-DA-3000-07-RD-013,ESTÁNDARES CONSTRUCTIVOS - ALUMBRADO (2 DE 5),0,16/04/2026,ELECTRICA,Planos,Planos,Técnicos,Informativo,Ingeniería,16/04/2026 16:44,3000 - Área Húmeda - General
NEW,CUMBRA INGENIERÍA S.A.,P22-DA-3000-07-RD-014,ESTÁNDARES CONSTRUCTIVOS - ALUMBRADO (3 DE 5),0,16/04/2026,ELECTRICA,Planos,Planos,Técnicos,Informativo,Ingeniería,16/04/2026 16:46,3000 - Área Húmeda - General
NEW,CUMBRA INGENIERÍA S.A.,P22-DA-3000-07-RD-015,ESTÁNDARES CONSTRUCTIVOS - ALUMBRADO (4 DE 5),0,16/04/2026,ELECTRICA,Planos,Planos,Técnicos,Informativo,Ingeniería,16/04/2026 16:50,3000 - Área Húmeda - General
NEW,CUMBRA INGENIERÍA S.A.,P22-DA-3000-07-RD-016,ESTÁNDARES CONSTRUCTIVOS - ALUMBRADO (5 DE 5),0,16/04/2026,ELECTRICA,Planos,Planos,Técnicos,Informativo,Ingeniería,16/04/2026 16:52,3000 - Área Húmeda - General
NEW,CUMBRA INGENIERÍA S.A.,P22-DA-3000-07-SD-001,DIAGRAMA UNIFILAR GENERAL SUMINISTRO ELÉCTRICO ÁREA HÚMEDA ,0,14/07/2026,ELECTRICA,Planos,Planos,Técnicos,Revisado y Validado,Ingeniería,14/07/2026 16:55,3000 - Área Húmeda - General
NEW,CUMBRA INGENIERÍA S.A.,P22-DA-3000-07-SS-001,SIMBOLOGÍA ELÉCTRICA (1 DE 2),0,31/03/2026,ELECTRICA,Planos,Planos,Técnicos,Revisado y Validado,Ingeniería,31/03/2026 17:34,3000 - Área Húmeda - General
NEW,CUMBRA INGENIERÍA S.A.,P22-DA-3000-07-SS-002,SIMBOLOGÍA ELÉCTRICA (2 DE 2),0,31/03/2026,ELECTRICA,Planos,Planos,Técnicos,Revisado y Validado,Ingeniería,31/03/2026 17:35,3000 - Área Húmeda - General
NEW,CUMBRA INGENIERÍA S.A.,P22-DA-3300-07-GL-001,MALLA DE TIERRA SUBESTACIÓN 300-XFU-001/002 Y SALA ELÉCTRICA 300-ERS-001,0,01/07/2026,ELECTRICA,Planos,Planos,Técnicos,Revisado con Comentarios,Ingeniería,01/07/2026 17:15,3300 - Extracción por Solventes
NEW,CUMBRA INGENIERÍA S.A.,P22-DA-3300-07-GL-002,TREN B - DISPOSICIÓN SISTEMA DE PUESTA A TIERRA (1 DE 2),0,16/03/2026,ELECTRICA,Planos,Planos,Técnicos,Revisado y Validado,Ingeniería,16/03/2026 16:31,3300 - Extracción por Solventes
NEW,CUMBRA INGENIERÍA S.A.,P22-DA-3300-07-GL-003,TREN B - DISPOSICIÓN SISTEMA DE PUESTA A TIERRA (2 DE 2),0,16/03/2026,ELECTRICA,Planos,Planos,Técnicos,Revisado y Validado,Ingeniería,16/03/2026 16:35,3300 - Extracción por Solventes
NEW,CUMBRA INGENIERÍA S.A.,P22-DA-3300-07-GL-004,TREN A - DISPOSICIÓN SISTEMA DE PUESTA A TIERRA (1 DE 2),0,16/03/2026,ELECTRICA,Planos,Planos,Técnicos,Revisado y Validado,Ingeniería,16/03/2026 16:37,3300 - Extracción por Solventes
NEW,CUMBRA INGENIERÍA S.A.,P22-DA-3300-07-GL-005,TREN A - DISPOSICIÓN SISTEMA DE PUESTA A TIERRA (2 DE 2),0,16/03/2026,ELECTRICA,Planos,Planos,Técnicos,Revisado y Validado,Ingeniería,16/03/2026 16:40,3300 - Extracción por Solventes
NEW,CUMBRA INGENIERÍA S.A.,P22-DA-3300-07-GL-006,PUESTA A TIERRA PARA TANQUES DE DIESEL Y DILUYENTE,B,19/08/2026,ELECTRICA,Planos,Planos,Técnicos,Revisión de SPCC,Ingeniería,19/08/2026 09:36,3300 - Extracción por Solventes
NEW,CUMBRA INGENIERÍA S.A.,P22-DA-3300-07-LL-003,TREN A - SSEE - POC - E1 Y E2 - DISTRIBUCIÓN DE ALUMBRADO - PLANTA,0,25/06/2026,ELECTRICA,Planos,Planos,Técnicos,Revisado con Comentarios,Ingeniería,25/06/2026 18:18,3300 - Extracción por Solventes
NEW,CUMBRA INGENIERÍA S.A.,P22-DA-3300-07-LL-004,TREN A - SSEE - POC - E1 Y E2 - DISTRIBUCIÓN DE ALUMBRADO - SECCIONES (1 DE 2),0,26/06/2026,ELECTRICA,Planos,Planos,Técnicos,Revisado con Comentarios,Ingeniería,26/06/2026 12:47,3300 - Extracción por Solventes
NEW,CUMBRA INGENIERÍA S.A.,P22-DA-3300-07-LL-005,TREN A - SSEE - POC - E1 Y E2 - DISTRIBUCIÓN DE ALUMBRADO - SECCIONES (2 DE 2),0,26/06/2026,ELECTRICA,Planos,Planos,Técnicos,Revisado con Comentarios,Ingeniería,26/06/2026 12:52,3300 - Extracción por Solventes
NEW,CUMBRA INGENIERÍA S.A.,P22-DA-3300-07-LL-006,TREN A - E3- D Y L - DISTRIBUCIÓN DE ALUMBRADO - PLANTA,0,26/06/2026,ELECTRICA,Planos,Planos,Técnicos,Revisado con Comentarios,Ingeniería,26/06/2026 16:45,3300 - Extracción por Solventes
NEW,CUMBRA INGENIERÍA S.A.,P22-DA-3300-07-LL-007,TREN A - E3- D Y L - DISTRIBUCIÓN DE ALUMBRADO - SECCIONES (1 DE 2),0,26/06/2026,ELECTRICA,Planos,Planos,Técnicos,Revisado con Comentarios,Ingeniería,26/06/2026 12:53,3300 - Extracción por Solventes
NEW,CUMBRA INGENIERÍA S.A.,P22-DA-3300-07-LL-008,TREN A - E3- D Y L - DISTRIBUCIÓN DE ALUMBRADO - SECCIONES (2 DE 2),0,26/06/2026,ELECTRICA,Planos,Planos,Técnicos,Revisado con Comentarios,Ingeniería,26/06/2026 12:54,3300 - Extracción por Solventes
NEW,CUMBRA INGENIERÍA S.A.,P22-DA-3300-07-LL-009,TREN B - SSEE - POC - E1 Y E2 - DISTRIBUCIÓN DE ALUMBRADO - PLANTA,0,25/06/2026,ELECTRICA,Planos,Planos,Técnicos,Revisado con Comentarios,Ingeniería,26/06/2026 10:20,3300 - Extracción por Solventes
NEW,CUMBRA INGENIERÍA S.A.,P22-DA-3300-07-LL-010,TREN B - SSEE - POC - E1 Y E2 - DISTRIBUCIÓN DE ALUMBRADO - SECCIONES (1 DE 2),0,26/06/2026,ELECTRICA,Planos,Planos,Técnicos,Revisado con Comentarios,Ingeniería,26/06/2026 12:55,3300 - Extracción por Solventes
NEW,CUMBRA INGENIERÍA S.A.,P22-DA-3300-07-LL-011,TREN B - SSEE - POC - E1 Y E2 - DISTRIBUCIÓN DE ALUMBRADO - SECCIONES (2 DE 2),0,26/06/2026,ELECTRICA,Planos,Planos,Técnicos,Revisado con Comentarios,Ingeniería,26/06/2026 12:55,3300 - Extracción por Solventes
NEW,CUMBRA INGENIERÍA S.A.,P22-DA-3300-07-LL-012,TREN B - E3- D Y L - DISTRIBUCIÓN DE ALUMBRADO - PLANTA,0,26/06/2026,ELECTRICA,Planos,Planos,Técnicos,Revisado con Comentarios,Ingeniería,26/06/2026 17:30,3300 - Extracción por Solventes
NEW,CUMBRA INGENIERÍA S.A.,P22-DA-3300-07-LL-013,TREN B - E3- D Y L - DISTRIBUCIÓN DE ALUMBRADO - SECCIONES (1 DE 2),0,26/06/2026,ELECTRICA,Planos,Planos,Técnicos,Revisado con Comentarios,Ingeniería,26/06/2026 12:56,3300 - Extracción por Solventes
NEW,CUMBRA INGENIERÍA S.A.,P22-DA-3300-07-LL-014,TREN B - E3- D Y L - DISTRIBUCIÓN DE ALUMBRADO - SECCIONES (2 DE 2),0,26/06/2026,ELECTRICA,Planos,Planos,Técnicos,Revisado con Comentarios,Ingeniería,26/06/2026 12:56,3300 - Extracción por Solventes
NEW,CUMBRA INGENIERÍA S.A.,P22-DA-3300-07-LY-001,DISPOSICIÓN DE EQUIPOS SALA ELÉCTRICA 300-ERS-001 - PLANTA,0,20/02/2026,ELECTRICA,Planos,Planos,Técnicos,Revisado con Comentarios,Ingeniería,20/02/2026 16:35,3300 - Extracción por Solventes
NEW,CUMBRA INGENIERÍA S.A.,P22-DA-3300-07-LY-002,DISPOSICIÓN DE EQUIPOS SALA ELÉCTRICA 300-ERS-001 - SECCIONES,0,20/02/2026,ELECTRICA,Planos,Planos,Técnicos,Revisado con Comentarios,Ingeniería,20/02/2026 16:36,3300 - Extracción por Solventes
NEW,CUMBRA INGENIERÍA S.A.,P22-DA-3300-07-LY-005,CANALIZACIONES ELÉCTRICAS SALA ELÉCTRICA 300-ERS-001 - PLANTA,0,04/08/2026,ELECTRICA,Planos,Planos,Técnicos,Informativo,Ingeniería,04/08/2026 19:34,3300 - Extracción por Solventes
NEW,CUMBRA INGENIERÍA S.A.,P22-DA-3300-07-LY-006,CANALIZACIONES ELÉCTRICAS SALA ELÉCTRICA 300-ERS-001 - SECCIONES,0,04/08/2026,ELECTRICA,Planos,Planos,Técnicos,Informativo,Ingeniería,04/08/2026 19:35,3300 - Extracción por Solventes
NEW,CUMBRA INGENIERÍA S.A.,P22-DA-3300-07-LY-007,ÁREA DE DIÉSEL Y DILUYENTE - CANALIZACIÓN FUERZA Y CONTROL - PLANTA,B,17/08/2026,ELECTRICA,Planos,Planos,Técnicos,Revisión de SPCC,Ingeniería,17/08/2026 11:39,3300 - Extracción por Solventes
NEW,CUMBRA INGENIERÍA S.A.,P22-DA-3300-07-LY-008,ÁREA DE DIÉSEL Y DILUYENTE - CANALIZACIÓN FUERZA Y CONTROL - SECCIONES Y DETALLES,B,17/08/2026,ELECTRICA,Planos,Planos,Técnicos,Revisión de SPCC,Ingeniería,17/08/2026 11:40,3300 - Extracción por Solventes
NEW,CUMBRA INGENIERÍA S.A.,P22-DA-3300-07-LY-009,ARREGLO GENERAL DE CANALIZACIONES DE FUERZA Y CONTROL - PLANTA,A,31/07/2026,ELECTRICA,Planos,Planos,Técnicos,Revisión Interna,Ingeniería,31/07/2026 18:36,3300 - Extracción por Solventes
NEW,CUMBRA INGENIERÍA S.A.,P22-DA-3300-07-LY-010,TREN A PLANTA POC - E1 - CANALIZACIÓN FUERZA Y CONTROL BANDEJAS Y CONDUITS - PLANTA,B,11/06/2026,ELECTRICA,Planos,Planos,Técnicos,Revisado con Comentarios,Ingeniería,11/06/2026 15:02,3300 - Extracción por Solventes
NEW,CUMBRA INGENIERÍA S.A.,P22-DA-3300-07-LY-011,TREN A PLANTA POC - CANALIZACIÓN FUERZA Y CONTROL BANDEJAS Y CONDUITS - SECCIONES,B,11/06/2026,ELECTRICA,Planos,Planos,Técnicos,Revisado con Comentarios,Ingeniería,12/06/2026 09:31,3300 - Extracción por Solventes
NEW,CUMBRA INGENIERÍA S.A.,P22-DA-3300-07-LY-012,TREN A PLANTA E1 - CANALIZACIÓN FUERZA Y CONTROL BANDEJAS Y CONDUITS - SECCIONES,B,11/06/2026,ELECTRICA,Planos,Planos,Técnicos,Revisado con Comentarios,Ingeniería,12/06/2026 09:32,3300 - Extracción por Solventes
NEW,CUMBRA INGENIERÍA S.A.,P22-DA-3300-07-LY-013,TREN A PLANTA E2 - E3 - CANALIZACIÓN FUERZA Y CONTROL BANDEJAS Y CONDUITS - PLANTA,B,11/06/2026,ELECTRICA,Planos,Planos,Técnicos,Revisado con Comentarios,Ingeniería,11/06/2026 15:03,3300 - Extracción por Solventes
NEW,CUMBRA INGENIERÍA S.A.,P22-DA-3300-07-LY-014,TREN A PLANTA E2 - CANALIZACIÓN FUERZA Y CONTROL BANDEJAS Y CONDUITS - SECCIONES,B,17/06/2026,ELECTRICA,Planos,Planos,Técnicos,Revisado con Comentarios,Ingeniería,17/06/2026 15:59,3300 - Extracción por Solventes
NEW,CUMBRA INGENIERÍA S.A.,P22-DA-3300-07-LY-015,TREN A PLANTA E3 - CANALIZACIÓN FUERZA Y CONTROL BANDEJAS Y CONDUITS - SECCIONES,B,17/06/2026,ELECTRICA,Planos,Planos,Técnicos,Revisión de SPCC,Ingeniería,17/06/2026 17:17,3300 - Extracción por Solventes
NEW,CUMBRA INGENIERÍA S.A.,P22-DA-3300-07-LY-016,TREN A PLANTA D - L - CANALIZACIÓN FUERZA Y CONTROL BANDEJAS Y CONDUITS - PLANTA,B,11/06/2026,ELECTRICA,Planos,Planos,Técnicos,Revisado con Comentarios,Ingeniería,11/06/2026 15:04,3300 - Extracción por Solventes
NEW,CUMBRA INGENIERÍA S.A.,P22-DA-3300-07-LY-017,TREN A PLANTA D - CANALIZACIÓN FUERZA Y CONTROL BANDEJAS Y CONDUITS - SECCIONES,B,17/06/2026,ELECTRICA,Planos,Planos,Técnicos,Revisión de SPCC,Ingeniería,17/06/2026 17:18,3300 - Extracción por Solventes
NEW,CUMBRA INGENIERÍA S.A.,P22-DA-3300-07-LY-018,TREN A PLANTA L - CANALIZACIÓN FUERZA Y CONTROL BANDEJAS Y CONDUITS - SECCIONES,B,17/06/2026,ELECTRICA,Planos,Planos,Técnicos,Revisión de SPCC,Ingeniería,17/06/2026 17:18,3300 - Extracción por Solventes
NEW,CUMBRA INGENIERÍA S.A.,P22-DA-3300-07-LY-019,TREN B PLANTA POC - E1 - CANALIZACIÓN FUERZA Y CONTROL BANDEJAS Y CONDUITS - PLANTA,B,18/06/2026,ELECTRICA,Planos,Planos,Técnicos,Revisión de SPCC,Ingeniería,18/06/2026 16:14,3300 - Extracción por Solventes
NEW,CUMBRA INGENIERÍA S.A.,P22-DA-3300-07-LY-020,TREN B PLANTA POC - CANALIZACIÓN FUERZA Y CONTROL BANDEJAS Y CONDUITS - SECCIONES,B,18/06/2026,ELECTRICA,Planos,Planos,Técnicos,Revisión de SPCC,Ingeniería,18/06/2026 16:15,3300 - Extracción por Solventes
NEW,CUMBRA INGENIERÍA S.A.,P22-DA-3300-07-LY-021,TREN B PLANTA E1 - CANALIZACIÓN FUERZA Y CONTROL BANDEJAS Y CONDUITS - SECCIONES,B,18/06/2026,ELECTRICA,Planos,Planos,Técnicos,Revisión de SPCC,Ingeniería,18/06/2026 16:17,3300 - Extracción por Solventes
NEW,CUMBRA INGENIERÍA S.A.,P22-DA-3300-07-LY-022,TREN B PLANTA E2 - E3 - CANALIZACIÓN FUERZA Y CONTROL BANDEJAS Y CONDUITS - PLANTA,B,18/06/2026,ELECTRICA,Planos,Planos,Técnicos,Revisión de SPCC,Ingeniería,18/06/2026 16:18,3300 - Extracción por Solventes
NEW,CUMBRA INGENIERÍA S.A.,P22-DA-3300-07-LY-023,TREN B PLANTA E2 - CANALIZACIÓN FUERZA Y CONTROL BANDEJAS Y CONDUITS - SECCIONES,B,18/06/2026,ELECTRICA,Planos,Planos,Técnicos,Revisión de SPCC,Ingeniería,18/06/2026 16:23,3300 - Extracción por Solventes
NEW,CUMBRA INGENIERÍA S.A.,P22-DA-3300-07-LY-024,TREN B PLANTA E3 - CANALIZACIÓN FUERZA Y CONTROL BANDEJAS Y CONDUITS - SECCIONES,B,18/06/2026,ELECTRICA,Planos,Planos,Técnicos,Revisión de SPCC,Ingeniería,18/06/2026 16:27,3300 - Extracción por Solventes
NEW,CUMBRA INGENIERÍA S.A.,P22-DA-3300-07-LY-025,TREN B PLANTA D - L - CANALIZACIÓN FUERZA Y CONTROL BANDEJAS Y CONDUITS - PLANTA,B,18/06/2026,ELECTRICA,Planos,Planos,Técnicos,Revisión de SPCC,Ingeniería,18/06/2026 16:29,3300 - Extracción por Solventes
NEW,CUMBRA INGENIERÍA S.A.,P22-DA-3300-07-LY-026,TREN B PLANTA D - CANALIZACIÓN FUERZA Y CONTROL BANDEJAS Y CONDUITS - SECCIONES,B,18/06/2026,ELECTRICA,Planos,Planos,Técnicos,Revisión de SPCC,Ingeniería,18/06/2026 16:32,3300 - Extracción por Solventes
NEW,CUMBRA INGENIERÍA S.A.,P22-DA-3300-07-LY-027,TREN B PLANTA L - CANALIZACIÓN FUERZA Y CONTROL BANDEJAS Y CONDUITS - SECCIONES,B,18/06/2026,ELECTRICA,Planos,Planos,Técnicos,Revisión de SPCC,Ingeniería,18/06/2026 16:33,3300 - Extracción por Solventes
NEW,CUMBRA INGENIERÍA S.A.,P22-DA-3300-07-LY-028,CANALIZACIÓN FUERZA Y CONTROL - BANCO DUCTOS - PLANTA,1,21/08/2026,ELECTRICA,Planos,Planos,Técnicos,Construcción,Ingeniería,21/08/2026 17:48,3300 - Extracción por Solventes
NEW,CUMBRA INGENIERÍA S.A.,P22-DA-3300-07-LY-029,CANALIZACIÓN FUERZA Y CONTROL - BANCO DUCTOS - SECCIONES Y DETALLES (1 DE 3),D,27/05/2026,ELECTRICA,Planos,Planos,Técnicos,Revisión de SPCC,Ingeniería,27/05/2026 17:56,3300 - Extracción por Solventes
NEW,CUMBRA INGENIERÍA S.A.,P22-DA-3300-07-LY-030,CANALIZACIÓN FUERZA Y CONTROL - BANCO DUCTOS - SECCIONES Y DETALLES (2 DE 3),D,27/05/2026,ELECTRICA,Planos,Planos,Técnicos,Revisión de SPCC,Ingeniería,27/05/2026 17:57,3300 - Extracción por Solventes
NEW,CUMBRA INGENIERÍA S.A.,P22-DA-3300-07-LY-031,CANALIZACIÓN FUERZA Y CONTROL - BANCO DUCTOS - SECCIONES Y DETALLES (3 DE 3),D,28/05/2026,ELECTRICA,Planos,Planos,Técnicos,Revisión de SPCC,Ingeniería,28/05/2026 20:04,3300 - Extracción por Solventes
NEW,CUMBRA INGENIERÍA S.A.,P22-DA-3300-07-LY-032,DESARROLLO DE BUZONES ELÉCTRICOS (1 DE 5),1,22/05/2026,ELECTRICA,Planos,Planos,Técnicos,Revisado y Validado,Ingeniería,25/05/2026 10:01,3300 - Extracción por Solventes
NEW,CUMBRA INGENIERÍA S.A.,P22-DA-3300-07-LY-033,DESARROLLO DE BUZONES ELÉCTRICOS (2 DE 5),1,22/05/2026,ELECTRICA,Planos,Planos,Técnicos,Revisado y Validado,Ingeniería,25/05/2026 10:03,3300 - Extracción por Solventes
NEW,CUMBRA INGENIERÍA S.A.,P22-DA-3300-07-LY-034,DESARROLLO DE BUZONES ELÉCTRICOS (3 DE 5),1,22/05/2026,ELECTRICA,Planos,Planos,Técnicos,Revisado y Validado,Ingeniería,25/05/2026 10:03,3300 - Extracción por Solventes
NEW,CUMBRA INGENIERÍA S.A.,P22-DA-3300-07-LY-035,DESARROLLO DE BUZONES ELÉCTRICOS (4 DE 5),1,22/05/2026,ELECTRICA,Planos,Planos,Técnicos,Revisado y Validado,Ingeniería,25/05/2026 10:04,3300 - Extracción por Solventes
NEW,CUMBRA INGENIERÍA S.A.,P22-DA-3300-07-LY-036,DESARROLLO DE BUZONES ELÉCTRICOS (5 DE 5),1,25/05/2026,ELECTRICA,Planos,Planos,Técnicos,Revisado y Validado,Ingeniería,26/05/2026 09:11,3300 - Extracción por Solventes
NEW,CUMBRA INGENIERÍA S.A.,P22-DA-3300-07-SD-001,DIAGRAMA UNIFILAR TABLERO 300-DPD-001,1,20/07/2026,ELECTRICA,Planos,Planos,Técnicos,Revisado y Validado,Ingeniería,20/07/2026 17:55,3300 - Extracción por Solventes
NEW,CUMBRA INGENIERÍA S.A.,P22-DA-3300-07-SD-004,DIAGRAMA UNIFILAR CCM 300-MCL-001 (1 DE 3),1,19/06/2026,ELECTRICA,Planos,Planos,Técnicos,Revisado con Comentarios,Ingeniería,19/06/2026 14:48,3300 - Extracción por Solventes
NEW,CUMBRA INGENIERÍA S.A.,P22-DA-3300-07-SD-005,DIAGRAMA UNIFILAR CCM 300-MCL-001 (2 DE 3),1,19/06/2026,ELECTRICA,Planos,Planos,Técnicos,Revisado con Comentarios,Ingeniería,19/06/2026 14:49,3300 - Extracción por Solventes
NEW,CUMBRA INGENIERÍA S.A.,P22-DA-3300-07-SD-006,DIAGRAMA UNIFILAR CCM 300-MCL-001 (3 DE 3),1,19/06/2026,ELECTRICA,Planos,Planos,Técnicos,Revisado con Comentarios,Ingeniería,19/06/2026 14:54,3300 - Extracción por Solventes
NEW,CUMBRA INGENIERÍA S.A.,P22-DA-3300-07-SD-007,DIAGRAMA UNIFILAR CCM 300-MCL-002 (1 DE 3),1,19/06/2026,ELECTRICA,Planos,Planos,Técnicos,Revisado y Validado,Ingeniería,19/06/2026 14:54,3300 - Extracción por Solventes
NEW,CUMBRA INGENIERÍA S.A.,P22-DA-3300-07-SD-008,DIAGRAMA UNIFILAR CCM 300-MCL-002 (2 DE 3),1,19/06/2026,ELECTRICA,Planos,Planos,Técnicos,Revisado y Validado,Ingeniería,19/06/2026 14:55,3300 - Extracción por Solventes
NEW,CUMBRA INGENIERÍA S.A.,P22-DA-3300-07-SD-009,DIAGRAMA UNIFILAR CCM 300-MCL-002 (3 DE 3),1,19/06/2026,ELECTRICA,Planos,Planos,Técnicos,Revisado y Validado,Ingeniería,19/06/2026 15:01,3300 - Extracción por Solventes
NEW,CUMBRA INGENIERÍA S.A.,P22-DA-3300-07-SD-012,DIAGRAMA UNIFILAR TABLERO DE BAJA TENSIÓN 300-SBL-001,B,30/01/2026,ELECTRICA,Planos,Planos,Técnicos,Revisado con Comentarios,Ingeniería,02/02/2026 10:22,3300 - Extracción por Solventes
NEW,CUMBRA INGENIERÍA S.A.,P22-DA-3300-07-SD-014,DIAGRAMA UNIFILAR TABLERO 300-DPA-001,0,20/02/2026,ELECTRICA,Planos,Planos,Técnicos,Revisado y Validado,Ingeniería,20/02/2026 18:52,3300 - Extracción por Solventes
NEW,CUMBRA INGENIERÍA S.A.,P22-DA-3300-07-SD-015,DIAGRAMA UNIFILAR TABLERO 300-LPA-001,0,20/02/2026,ELECTRICA,Planos,Planos,Técnicos,Revisado y Validado,Ingeniería,20/02/2026 18:52,3300 - Extracción por Solventes
NEW,CUMBRA INGENIERÍA S.A.,P22-DA-3300-07-SD-016,TREN B - DIAGRAMA UNIFILAR TABLERO 300-DPA-002,B,23/01/2026,ELECTRICA,Planos,Planos,Técnicos,Revisión de SPCC,Ingeniería,23/01/2026 12:39,3300 - Extracción por Solventes
NEW,CUMBRA INGENIERÍA S.A.,P22-DA-3300-07-SD-017,TREN B - DIAGRAMA UNIFILAR TABLERO 300-LPA-002,B,23/01/2026,ELECTRICA,Planos,Planos,Técnicos,Revisión de SPCC,Ingeniería,23/01/2026 12:40,3300 - Extracción por Solventes
NEW,CUMBRA INGENIERÍA S.A.,P22-DA-3300-07-SD-018,DIAGRAMA UNIFILAR SWITCHGEAR 300-SGL-001,1,22/06/2026,ELECTRICA,Planos,Planos,Técnicos,Revisado con Comentarios,Ingeniería,22/06/2026 15:12,3300 - Extracción por Solventes
NEW,CUMBRA INGENIERÍA S.A.,P22-DA-3300-07-WD-001,"DIAGRAMA ESQUEMÁTICO DE CONTROL MOTOR TURBINA DOP E-1 TREN A ""300-AGA-101-M""",0,27/07/2026,ELECTRICA,Planos,Planos,Técnicos,Informativo,Ingeniería,27/07/2026 09:32,3300 - Extracción por Solventes
NEW,CUMBRA INGENIERÍA S.A.,P22-DA-3300-07-WD-002,"DIAGRAMA ESQUEMÁTICO DE CONTROL MOTOR TURBINA DOP E-2 TREN A ""300-AGA-104-M""",0,27/07/2026,ELECTRICA,Planos,Planos,Técnicos,Informativo,Ingeniería,27/07/2026 09:33,3300 - Extracción por Solventes
NEW,CUMBRA INGENIERÍA S.A.,P22-DA-3300-07-WD-003,"DIAGRAMA ESQUEMÁTICO DE CONTROL MOTOR TURBINA DOP E-3 TREN A ""300-AGA-107-M""",0,27/07/2026,ELECTRICA,Planos,Planos,Técnicos,Informativo,Ingeniería,27/07/2026 09:34,3300 - Extracción por Solventes
NEW,CUMBRA INGENIERÍA S.A.,P22-DA-3300-07-WD-004,"DIAGRAMA ESQUEMÁTICO DE CONTROL MOTOR TURBINA DOP D TREN A ""300-AGA-110-M""",0,27/07/2026,ELECTRICA,Planos,Planos,Técnicos,Informativo,Ingeniería,27/07/2026 09:35,3300 - Extracción por Solventes
NEW,CUMBRA INGENIERÍA S.A.,P22-DA-3300-07-WD-005,"DIAGRAMA ESQUEMÁTICO DE CONTROL MOTOR TURBINA DOP L TREN A ""300-AGA-113-M""",0,27/07/2026,ELECTRICA,Planos,Planos,Técnicos,Informativo,Ingeniería,27/07/2026 09:36,3300 - Extracción por Solventes
NEW,CUMBRA INGENIERÍA S.A.,P22-DA-3300-07-WD-006,"DIAGRAMA ESQUEMÁTICO DE CONTROL MOTOR TURBINA DOP E-1 TREN B ""300-AGA-201-M""",0,27/07/2026,ELECTRICA,Planos,Planos,Técnicos,Informativo,Ingeniería,27/07/2026 09:36,3300 - Extracción por Solventes
NEW,CUMBRA INGENIERÍA S.A.,P22-DA-3300-07-WD-007,"DIAGRAMA ESQUEMÁTICO DE CONTROL MOTOR TURBINA DOP E-2 TREN B ""300-AGA-204-M""",0,27/07/2026,ELECTRICA,Planos,Planos,Técnicos,Informativo,Ingeniería,27/07/2026 09:37,3300 - Extracción por Solventes
NEW,CUMBRA INGENIERÍA S.A.,P22-DA-3300-07-WD-008,"DIAGRAMA ESQUEMÁTICO DE CONTROL MOTOR TURBINA DOP E-3 TREN B ""300-AGA-207-M""",0,27/07/2026,ELECTRICA,Planos,Planos,Técnicos,Informativo,Ingeniería,27/07/2026 09:38,3300 - Extracción por Solventes
NEW,CUMBRA INGENIERÍA S.A.,P22-DA-3300-07-WD-009,"DIAGRAMA ESQUEMÁTICO DE CONTROL MOTOR TURBINA DOP D TREN B ""300-AGA-210-M""",0,27/07/2026,ELECTRICA,Planos,Planos,Técnicos,Informativo,Ingeniería,27/07/2026 09:38,3300 - Extracción por Solventes
NEW,CUMBRA INGENIERÍA S.A.,P22-DA-3300-07-WD-010,"DIAGRAMA ESQUEMÁTICO DE CONTROL MOTOR TURBINA DOP L TREN B ""300-AGA-213-M""",0,27/07/2026,ELECTRICA,Planos,Planos,Técnicos,Informativo,Ingeniería,27/07/2026 09:39,3300 - Extracción por Solventes
NEW,CUMBRA INGENIERÍA S.A.,P22-DA-3300-07-WD-011,"DIAGRAMA ESQUEMÁTICO DE CONTROL MOTOR MEZCLADOR SPIROK E-1 TREN A ""300-AGA-102-M""",0,27/07/2026,ELECTRICA,Planos,Planos,Técnicos,Informativo,Ingeniería,27/07/2026 09:40,3300 - Extracción por Solventes
NEW,CUMBRA INGENIERÍA S.A.,P22-DA-3300-07-WD-012,"DIAGRAMA ESQUEMÁTICO DE CONTROL MOTOR MEZCLADOR SPIROK E-1 TREN A ""300-AGA-103-M""",0,27/07/2026,ELECTRICA,Planos,Planos,Técnicos,Informativo,Ingeniería,27/07/2026 09:41,3300 - Extracción por Solventes
NEW,CUMBRA INGENIERÍA S.A.,P22-DA-3300-07-WD-013,"DIAGRAMA ESQUEMÁTICO DE CONTROL MOTOR MEZCLADOR SPIROK E-2 TREN A ""300-AGA-105-M""",0,27/07/2026,ELECTRICA,Planos,Planos,Técnicos,Informativo,Ingeniería,27/07/2026 09:42,3300 - Extracción por Solventes
NEW,CUMBRA INGENIERÍA S.A.,P22-DA-3300-07-WD-014,"DIAGRAMA ESQUEMÁTICO DE CONTROL MOTOR MEZCLADOR SPIROK E-2 TREN A ""300-AGA-106-M""",0,27/07/2026,ELECTRICA,Planos,Planos,Técnicos,Informativo,Ingeniería,27/07/2026 09:43,3300 - Extracción por Solventes
NEW,CUMBRA INGENIERÍA S.A.,P22-DA-3300-07-WD-015,"DIAGRAMA ESQUEMÁTICO DE CONTROL MOTOR MEZCLADOR SPIROK E-3 TREN A ""300-AGA-108-M""",0,27/07/2026,ELECTRICA,Planos,Planos,Técnicos,Informativo,Ingeniería,27/07/2026 09:43,3300 - Extracción por Solventes
NEW,CUMBRA INGENIERÍA S.A.,P22-DA-3300-07-WD-016,"DIAGRAMA ESQUEMÁTICO DE CONTROL MOTOR MEZCLADOR SPIROK E-3 TREN A ""300-AGA-109-M""",0,27/07/2026,ELECTRICA,Planos,Planos,Técnicos,Informativo,Ingeniería,27/07/2026 11:51,3300 - Extracción por Solventes
NEW,CUMBRA INGENIERÍA S.A.,P22-DA-3300-07-WD-017,"DIAGRAMA ESQUEMÁTICO DE CONTROL MOTOR MEZCLADOR SPIROK D TREN A ""300-AGA-111-M""",0,27/07/2026,ELECTRICA,Planos,Planos,Técnicos,Revisado con Comentarios,Ingeniería,27/07/2026 17:29,3300 - Extracción por Solventes
NEW,CUMBRA INGENIERÍA S.A.,P22-DA-3300-07-WD-018,"DIAGRAMA ESQUEMÁTICO DE CONTROL MOTOR MEZCLADOR SPIROK D TREN A ""300-AGA-112-M""",0,27/07/2026,ELECTRICA,Planos,Planos,Técnicos,Revisado con Comentarios,Ingeniería,27/07/2026 17:37,3300 - Extracción por Solventes
NEW,CUMBRA INGENIERÍA S.A.,P22-DA-3300-07-WD-019,"DIAGRAMA ESQUEMÁTICO DE CONTROL MOTOR MEZCLADOR SPIROK L TREN A ""300-AGA-114-M""",0,27/07/2026,ELECTRICA,Planos,Planos,Técnicos,Revisado con Comentarios,Ingeniería,27/07/2026 17:43,3300 - Extracción por Solventes
NEW,CUMBRA INGENIERÍA S.A.,P22-DA-3300-07-WD-020,"DIAGRAMA ESQUEMÁTICO DE CONTROL MOTOR MEZCLADOR SPIROK L TREN A ""300-AGA-115-M""",0,27/07/2026,ELECTRICA,Planos,Planos,Técnicos,Revisado con Comentarios,Ingeniería,27/07/2026 17:44,3300 - Extracción por Solventes
NEW,CUMBRA INGENIERÍA S.A.,P22-DA-3300-07-WD-021,"DIAGRAMA ESQUEMÁTICO DE CONTROL MOTOR MEZCLADOR SPIROK E-1TREN B ""300-AGA-202-M""",0,27/07/2026,ELECTRICA,Planos,Planos,Técnicos,Revisado con Comentarios,Ingeniería,27/07/2026 17:45,3300 - Extracción por Solventes
NEW,CUMBRA INGENIERÍA S.A.,P22-DA-3300-07-WD-022,"DIAGRAMA ESQUEMÁTICO DE CONTROL MOTOR MEZCLADOR SPIROK E-1TREN B ""300-AGA-203-M""",0,27/07/2026,ELECTRICA,Planos,Planos,Técnicos,Revisado con Comentarios,Ingeniería,27/07/2026 17:45,3300 - Extracción por Solventes
NEW,CUMBRA INGENIERÍA S.A.,P22-DA-3300-07-WD-023,"DIAGRAMA ESQUEMÁTICO DE CONTROL MOTOR MEZCLADOR SPIROK E-2 TREN B ""300-AGA-205-M""",0,27/07/2026,ELECTRICA,Planos,Planos,Técnicos,Revisado con Comentarios,Ingeniería,27/07/2026 17:47,3300 - Extracción por Solventes
NEW,CUMBRA INGENIERÍA S.A.,P22-DA-3300-07-WD-024,"DIAGRAMA ESQUEMÁTICO DE CONTROL MOTOR MEZCLADOR SPIROK E-2 TREN B ""300-AGA-206-M""",0,27/07/2026,ELECTRICA,Planos,Planos,Técnicos,Revisado con Comentarios,Ingeniería,27/07/2026 17:48,3300 - Extracción por Solventes
NEW,CUMBRA INGENIERÍA S.A.,P22-DA-3300-07-WD-025,"DIAGRAMA ESQUEMÁTICO DE CONTROL MOTOR MEZCLADOR SPIROK E-3 TREN B ""300-AGA-208-M""",0,27/07/2026,ELECTRICA,Planos,Planos,Técnicos,Revisado con Comentarios,Ingeniería,27/07/2026 17:49,3300 - Extracción por Solventes
NEW,CUMBRA INGENIERÍA S.A.,P22-DA-3300-07-WD-026,"DIAGRAMA ESQUEMÁTICO DE CONTROL MOTOR MEZCLADOR SPIROK E-3 TREN B ""300-AGA-209-M""",0,27/07/2026,ELECTRICA,Planos,Planos,Técnicos,Revisado con Comentarios,Ingeniería,27/07/2026 17:50,3300 - Extracción por Solventes
NEW,CUMBRA INGENIERÍA S.A.,P22-DA-3300-07-WD-027,"DIAGRAMA ESQUEMÁTICO DE CONTROL MOTOR MEZCLADOR SPIROK D TREN B ""300-AGA-211-M""",0,27/07/2026,ELECTRICA,Planos,Planos,Técnicos,Revisado con Comentarios,Ingeniería,27/07/2026 17:50,3300 - Extracción por Solventes
NEW,CUMBRA INGENIERÍA S.A.,P22-DA-3300-07-WD-028,"DIAGRAMA ESQUEMÁTICO DE CONTROL MOTOR MEZCLADOR SPIROK D TREN B ""300-AGA-212-M""",0,27/07/2026,ELECTRICA,Planos,Planos,Técnicos,Revisado con Comentarios,Ingeniería,27/07/2026 17:51,3300 - Extracción por Solventes
NEW,CUMBRA INGENIERÍA S.A.,P22-DA-3300-07-WD-029,"DIAGRAMA ESQUEMÁTICO DE CONTROL MOTOR MEZCLADOR SPIROK L TREN B ""300-AGA-214-M""",0,27/07/2026,ELECTRICA,Planos,Planos,Técnicos,Revisado con Comentarios,Ingeniería,27/07/2026 17:52,3300 - Extracción por Solventes
NEW,CUMBRA INGENIERÍA S.A.,P22-DA-3300-07-WD-030,"DIAGRAMA ESQUEMÁTICO DE CONTROL MOTOR MEZCLADOR SPIROK L TREN B ""300-AGA-215-M""",0,27/07/2026,ELECTRICA,Planos,Planos,Técnicos,Revisado con Comentarios,Ingeniería,27/07/2026 17:52,3300 - Extracción por Solventes
NEW,CUMBRA INGENIERÍA S.A.,P22-DA-3300-07-WD-031,"DIAGRAMA ESQUEMÁTICO DE CONTROL BBA. ORGÁNICO CARGADO POD TREN A ""300-PPC-101""",0,30/07/2026,ELECTRICA,Planos,Planos,Técnicos,Informativo,Ingeniería,30/07/2026 15:01,3300 - Extracción por Solventes
NEW,CUMBRA INGENIERÍA S.A.,P22-DA-3300-07-WD-032,"DIAGRAMA ESQUEMÁTICO DE CONTROL BBA. ORGÁNICO CARGADO POD TREN A ""300-PPC-102""",0,30/07/2026,ELECTRICA,Planos,Planos,Técnicos,Informativo,Ingeniería,30/07/2026 15:01,3300 - Extracción por Solventes
NEW,CUMBRA INGENIERÍA S.A.,P22-DA-3300-07-WD-033,"DIAGRAMA ESQUEMÁTICO DE CONTROL BBA. ORGÁNICO CARGADO POD TREN A ""300-PPC-103""",0,30/07/2026,ELECTRICA,Planos,Planos,Técnicos,Informativo,Ingeniería,30/07/2026 15:02,3300 - Extracción por Solventes
NEW,CUMBRA INGENIERÍA S.A.,P22-DA-3300-07-WD-034,"DIAGRAMA ESQUEMÁTICO DE CONTROL MOTOR BOMBA DE ALIMENTACIÓN A TANQUE DILUYENTE ""300-PPC-301-M""",0,30/07/2026,ELECTRICA,Planos,Planos,Técnicos,Informativo,Ingeniería,30/07/2026 15:05,3300 - Extracción por Solventes
NEW,CUMBRA INGENIERÍA S.A.,P22-DA-3300-07-WD-035,"DIAGRAMA ESQUEMÁTICO DE CONTROL MOTOR BOMBA DE ALIMENTACIÓN A TANQUE DILUYENTE ""300-PPC-302-M""",0,30/07/2026,ELECTRICA,Planos,Planos,Técnicos,Informativo,Ingeniería,30/07/2026 15:08,3300 - Extracción por Solventes
NEW,CUMBRA INGENIERÍA S.A.,P22-DA-3300-07-WD-036,"DIAGRAMA ESQUEMÁTICO DE CONTROL BBA.  RECIRCULACIÓN ACUOSO TANQUE POD. TREN A ""300-PPC-106""",0,30/07/2026,ELECTRICA,Planos,Planos,Técnicos,Informativo,Ingeniería,30/07/2026 15:09,3300 - Extracción por Solventes
NEW,CUMBRA INGENIERÍA S.A.,P22-DA-3300-07-WD-037,"DIAGRAMA ESQUEMÁTICO DE CONTROL BBA.  DESCARTE ACUOSO TANQUE POD. TREN A ""300-PPC-107""",0,30/07/2026,ELECTRICA,Planos,Planos,Técnicos,Informativo,Ingeniería,30/07/2026 15:09,3300 - Extracción por Solventes
NEW,CUMBRA INGENIERÍA S.A.,P22-DA-3300-07-WD-038,"DIAGRAMA ESQUEMÁTICO DE CONTROL BOMBA ORGÁNICA CARGADO. TREN B ""300-PPC-201""",0,30/07/2026,ELECTRICA,Planos,Planos,Técnicos,Informativo,Ingeniería,30/07/2026 15:10,3300 - Extracción por Solventes
NEW,CUMBRA INGENIERÍA S.A.,P22-DA-3300-07-WD-039,"DIAGRAMA ESQUEMÁTICO DE CONTROL BOMBA ORGÁNICA CARGADO. TREN B ""300-PPC-202""",0,30/07/2026,ELECTRICA,Planos,Planos,Técnicos,Informativo,Ingeniería,30/07/2026 15:10,3300 - Extracción por Solventes
NEW,CUMBRA INGENIERÍA S.A.,P22-DA-3300-07-WD-040,"DIAGRAMA ESQUEMÁTICO DE CONTROL BOMBA ORGÁNICA CARGADO. TREN B ""300-PPC-203""",0,30/07/2026,ELECTRICA,Planos,Planos,Técnicos,Informativo,Ingeniería,30/07/2026 15:11,3300 - Extracción por Solventes
NEW,CUMBRA INGENIERÍA S.A.,P22-DA-3300-07-WD-041,"DIAGRAMA ESQUEMÁTICO DE CONTROL MOTOR BOMBA DE IMPULSIÓN DILUYENTE ""300-PPC-311""",0,30/07/2026,ELECTRICA,Planos,Planos,Técnicos,Informativo,Ingeniería,30/07/2026 15:12,3300 - Extracción por Solventes
NEW,CUMBRA INGENIERÍA S.A.,P22-DA-3300-07-WD-042,"DIAGRAMA ESQUEMÁTICO DE CONTROL MOTOR BOMBA DE IMPULSIÓN DILUYENTE ""300-PPC-312""",0,30/07/2026,ELECTRICA,Planos,Planos,Técnicos,Informativo,Ingeniería,30/07/2026 15:12,3300 - Extracción por Solventes
NEW,CUMBRA INGENIERÍA S.A.,P22-DA-3300-07-WD-043,"DIAGRAMA ESQUEMÁTICO DE CONTROL BBA. DESCARTE ACUOSO TANQUE OC. TREN B ""300-PPC-206""",0,30/07/2026,ELECTRICA,Planos,Planos,Técnicos,Informativo,Ingeniería,30/07/2026 15:13,3300 - Extracción por Solventes
NEW,CUMBRA INGENIERÍA S.A.,P22-DA-3300-07-WD-044,"DIAGRAMA ESQUEMÁTICO DE CONTROL BBA. DESCARTE ACUOSO TANQUE OC. TREN B ""300-PPC-207""",0,30/07/2026,ELECTRICA,Planos,Planos,Técnicos,Informativo,Ingeniería,30/07/2026 15:13,3300 - Extracción por Solventes
NEW,CUMBRA INGENIERÍA S.A.,P22-DA-3300-07-WD-045,DIAGRAMA ESQUEMÁTICO DE CONTROL BOMBA ORGÁNICO TRATADO “300-PPC-002”,0,05/08/2026,ELECTRICA,Planos,Planos,Técnicos,Informativo,Ingeniería,05/08/2026 17:16,3300 - Extracción por Solventes
NEW,CUMBRA INGENIERÍA S.A.,P22-DA-3300-07-WD-046,DIAGRAMA ESQUEMÁTICO DE CONTROL BOMBA IMPULSIÓN DILUYENTE “300- PPC-004”,0,05/08/2026,ELECTRICA,Planos,Planos,Técnicos,Informativo,Ingeniería,05/08/2026 17:17,3300 - Extracción por Solventes
NEW,CUMBRA INGENIERÍA S.A.,P22-DA-3300-07-WD-047,DIAGRAMA ESQUEMÁTICO DE CONTROL BOMBA IMPULSIÓN DILUYENTE “300-PPC-005”,0,05/08/2026,ELECTRICA,Planos,Planos,Técnicos,Informativo,Ingeniería,05/08/2026 17:19,3300 - Extracción por Solventes
NEW,CUMBRA INGENIERÍA S.A.,P22-DA-3300-07-WD-048,DIAGRAMA ESQUEMÁTICO DE CONTROL BOMBA TRASPASO ORGÁNICO GRUMOS PRIMARIOS “300-PPC-006”,0,05/08/2026,ELECTRICA,Planos,Planos,Técnicos,Informativo,Ingeniería,05/08/2026 17:20,3300 - Extracción por Solventes
NEW,CUMBRA INGENIERÍA S.A.,P22-DA-3300-07-WD-049,DIAGRAMA ESQUEMÁTICO DE CONTROL BOMBA TRASPASO ORGÁNICO GRUMOS PRIMARIOS “300-PPC-007”,0,05/08/2026,ELECTRICA,Planos,Planos,Técnicos,Informativo,Ingeniería,05/08/2026 17:23,3300 - Extracción por Solventes
NEW,CUMBRA INGENIERÍA S.A.,P22-DA-3300-07-WD-050,DIAGRAMA ESQUEMÁTICO DE CONTROL BOMBA TRASPASO ORGÁNICO GRUMOS SECUNDARIOS “300-PPC-008”,0,05/08/2026,ELECTRICA,Planos,Planos,Técnicos,Informativo,Ingeniería,05/08/2026 17:24,3300 - Extracción por Solventes
NEW,CUMBRA INGENIERÍA S.A.,P22-DA-3300-07-WD-051,DIAGRAMA ESQUEMÁTICO DE CONTROL BOMBA TRASPASO ORGÁNICO GRUMOS SECUNDARIOS “300-PPC-009”,0,05/08/2026,ELECTRICA,Planos,Planos,Técnicos,Informativo,Ingeniería,05/08/2026 17:28,3300 - Extracción por Solventes
NEW,CUMBRA INGENIERÍA S.A.,P22-DA-3300-07-WD-052,DIAGRAMA ESQUEMÁTICO DE CONTROL BOMBA TRASPASO ORGÁNICO RECUPERADO “300-PPC-012”,0,05/08/2026,ELECTRICA,Planos,Planos,Técnicos,Informativo,Ingeniería,05/08/2026 17:51,3300 - Extracción por Solventes
NEW,CUMBRA INGENIERÍA S.A.,P22-DA-3300-07-WD-053,DIAGRAMA ESQUEMÁTICO DE CONTROL BOMBA TRASPASO ORGÁNICO RECUPERADO “300-PPC-013”,0,05/08/2026,ELECTRICA,Planos,Planos,Técnicos,Informativo,Ingeniería,05/08/2026 17:52,3300 - Extracción por Solventes
NEW,CUMBRA INGENIERÍA S.A.,P22-DA-3300-07-WD-054,DIAGRAMA ESQUEMÁTICO DE CONTROL BOMBA TRASPASO ACUOSO RECUPERADO “300-PPC-014”,0,05/08/2026,ELECTRICA,Planos,Planos,Técnicos,Informativo,Ingeniería,05/08/2026 17:36,3300 - Extracción por Solventes
NEW,CUMBRA INGENIERÍA S.A.,P22-DA-3300-07-WD-055,DIAGRAMA ESQUEMÁTICO DE CONTROL BOMBA TRASPASO ACUOSO RECUPERADO “300-PPC-015”,0,05/08/2026,ELECTRICA,Planos,Planos,Técnicos,Informativo,Ingeniería,05/08/2026 17:36,3300 - Extracción por Solventes
NEW,CUMBRA INGENIERÍA S.A.,P22-DA-3300-07-WD-056,DIAGRAMA ESQUEMÁTICO DE CONTROL BOMBA ALIMENTACIÓN TRICANTER “300-PPD-003”,0,07/08/2026,ELECTRICA,Planos,Planos,Técnicos,Informativo,Ingeniería,07/08/2026 13:43,3300 - Extracción por Solventes
NEW,CUMBRA INGENIERÍA S.A.,P22-DA-3300-07-WD-057,DIAGRAMA ESQUEMÁTICO DE CONTROL BOMBA ALIMENTACIÓN TRICANTER “300-PPD-007”,0,07/08/2026,ELECTRICA,Planos,Planos,Técnicos,Informativo,Ingeniería,07/08/2026 13:43,3300 - Extracción por Solventes
NEW,CUMBRA INGENIERÍA S.A.,P22-DA-3300-07-WD-058,DIAGRAMA ESQUEMÁTICO DE CONTROL CARRO EXTRACCIÓN GRUMOS “300-CWR-001”,0,13/08/2026,ELECTRICA,Planos,Planos,Técnicos,Informativo,Ingeniería,13/08/2026 12:28,3300 - Extracción por Solventes
NEW,CUMBRA INGENIERÍA S.A.,P22-DA-3300-07-WD-059,DIAGRAMA ESQUEMÁTICO DE CONTROL CARRO EXTRACCIÓN GRUMOS “300-CWR-004”,0,13/08/2026,ELECTRICA,Planos,Planos,Técnicos,Informativo,Ingeniería,13/08/2026 12:29,3300 - Extracción por Solventes
NEW,CUMBRA INGENIERÍA S.A.,P22-DA-3300-07-WD-060,DIAGRAMA ESQUEMÁTICO DE CONTROL CARRO EXTRACCIÓN GRUMOS “300-CWR-005”,0,13/08/2026,ELECTRICA,Planos,Planos,Técnicos,Informativo,Ingeniería,13/08/2026 12:29,3300 - Extracción por Solventes
NEW,CUMBRA INGENIERÍA S.A.,P22-DA-3300-07-WD-061,DIAGRAMA ESQUEMÁTICO DE CONTROL AGITADOR TANQUE GRUMOS PRIMARIOS “300-AGA-001”,0,07/08/2026,ELECTRICA,Planos,Planos,Técnicos,Informativo,Ingeniería,07/08/2026 15:47,3300 - Extracción por Solventes
NEW,CUMBRA INGENIERÍA S.A.,P22-DA-3300-07-WD-062,DIAGRAMA ESQUEMÁTICO DE CONTROL AGITADOR TANQUE GRUMOS PRIMARIOS “300-AGA-002”,0,07/08/2026,ELECTRICA,Planos,Planos,Técnicos,Informativo,Ingeniería,07/08/2026 15:47,3300 - Extracción por Solventes
NEW,CUMBRA INGENIERÍA S.A.,P22-DA-3300-07-WD-063,DIAGRAMA ESQUEMÁTICO DE CONTROL AGITADOR TANQUE TRATAMIENTO ORGÁNICO “300-AGA-003”,0,07/08/2026,ELECTRICA,Planos,Planos,Técnicos,Informativo,Ingeniería,07/08/2026 15:48,3300 - Extracción por Solventes
NEW,CUMBRA INGENIERÍA S.A.,P22-DA-3300-07-WD-064,DIAGRAMA ESQUEMÁTICO DE CONTROL AGITADOR TANQUE GRUMOS SECUNDARIOS “300-AGA-006”,0,07/08/2026,ELECTRICA,Planos,Planos,Técnicos,Informativo,Ingeniería,07/08/2026 15:48,3300 - Extracción por Solventes
NEW,CUMBRA INGENIERÍA S.A.,P22-DA-3300-07-WD-065,DIAGRAMA ESQUEMÁTICO DE CONTROL AGITADOR TANQUE PRE CAPA “300-AGA-009”,0,07/08/2026,ELECTRICA,Planos,Planos,Técnicos,Informativo,Ingeniería,07/08/2026 15:49,3300 - Extracción por Solventes
NEW,CUMBRA INGENIERÍA S.A.,P22-DA-3300-07-WD-066,DIAGRAMA ESQUEMÁTICO DE CONTROL CARRO EXTRACCIÓN GRUMOS “300-CWR-006”,0,13/08/2026,ELECTRICA,Planos,Planos,Técnicos,Informativo,Ingeniería,13/08/2026 12:35,3300 - Extracción por Solventes
NEW,CUMBRA INGENIERÍA S.A.,P22-DA-3300-07-WD-067,DIAGRAMA ESQUEMÁTICO DE CONTROL CARRO EXTRACCIÓN GRUMOS “300- CWR-009”,0,13/08/2026,ELECTRICA,Planos,Planos,Técnicos,Informativo,Ingeniería,13/08/2026 12:37,3300 - Extracción por Solventes
NEW,CUMBRA INGENIERÍA S.A.,P22-DA-3300-07-WD-068,DIAGRAMA ESQUEMÁTICO DE CONTROL CARRO EXTRACCIÓN GRUMOS “300-CWR-010”,0,13/08/2026,ELECTRICA,Planos,Planos,Técnicos,Informativo,Ingeniería,13/08/2026 12:39,3300 - Extracción por Solventes
NEW,CUMBRA INGENIERÍA S.A.,P22-DA-3300-07-WD-069,"DIAGRAMA ESQUEMÁTICO DE CONTROL MOTOR BOMBA DE ALIMENTACIÓN A TANQUE DE COMBUSTIBLE ""300-PPC-401-M""",0,30/07/2026,ELECTRICA,Planos,Planos,Técnicos,Informativo,Ingeniería,30/07/2026 16:12,3300 - Extracción por Solventes
NEW,CUMBRA INGENIERÍA S.A.,P22-DA-3300-07-WD-070,"DIAGRAMA ESQUEMÁTICO DE CONTROL MOTOR BOMBA DE ALIMENTACIÓN A TANQUE DE COMBUSTIBLE ""300-PPC-402-M""",0,30/07/2026,ELECTRICA,Planos,Planos,Técnicos,Informativo,Ingeniería,30/07/2026 16:28,3300 - Extracción por Solventes
NEW,CUMBRA INGENIERÍA S.A.,P22-DA-3300-07-WD-071,"DIAGRAMA ESQUEMÁTICO DE CONTROL MOTOR BOMBA DE ALIMENTACIÓN A TANQUE DIARIO ""300-PPC-411-M""",0,30/07/2026,ELECTRICA,Planos,Planos,Técnicos,Informativo,Ingeniería,30/07/2026 16:29,3300 - Extracción por Solventes
NEW,CUMBRA INGENIERÍA S.A.,P22-DA-3300-07-WD-072,"DIAGRAMA ESQUEMÁTICO DE CONTROL MOTOR BOMBA DE ALIMENTACIÓN A TANQUE DIARIO ""300-PPC-412-M""",0,30/07/2026,ELECTRICA,Planos,Planos,Técnicos,Informativo,Ingeniería,30/07/2026 16:29,3300 - Extracción por Solventes
NEW,CUMBRA INGENIERÍA S.A.,P22-DA-3300-07-WD-073,DIAGRAMA ESQUEMÁTICO DE CONTROL BOMBA ORGÁNICO TRATADO. “300- PPC-001”,0,12/08/2026,ELECTRICA,Planos,Planos,Técnicos,Informativo,Ingeniería,13/08/2026 08:42,3300 - Extracción por Solventes
NEW,CUMBRA INGENIERÍA S.A.,P22-DA-3300-07-WD-074,"DIAGRAMA DE INTERCONEXIONES MOTOR TURBINA DOP E-1. TREN A ""300-AGA-101-M""",0,03/08/2026,ELECTRICA,Planos,Planos,Técnicos,Revisado con Comentarios,Ingeniería,03/08/2026 17:51,3300 - Extracción por Solventes
NEW,CUMBRA INGENIERÍA S.A.,P22-DA-3300-07-WD-075,"DIAGRAMA DE INTERCONEXIONES MOTOR TURBINA DOP E-2. TREN A ""300-AGA-104-M""",0,03/08/2026,ELECTRICA,Planos,Planos,Técnicos,Revisado con Comentarios,Ingeniería,03/08/2026 17:52,3300 - Extracción por Solventes
NEW,CUMBRA INGENIERÍA S.A.,P22-DA-3300-07-WD-076,"DIAGRAMA DE INTERCONEXIONES MOTOR TURBINA DOP E-3. TREN A ""300-AGA-107-M""",0,03/08/2026,ELECTRICA,Planos,Planos,Técnicos,Revisado con Comentarios,Ingeniería,03/08/2026 17:53,3300 - Extracción por Solventes
NEW,CUMBRA INGENIERÍA S.A.,P22-DA-3300-07-WD-077,"DIAGRAMA DE INTERCONEXIONES MOTOR TURBINA DOP D. TREN A ""300-AGA-110-M""",0,03/08/2026,ELECTRICA,Planos,Planos,Técnicos,Revisado con Comentarios,Ingeniería,03/08/2026 17:54,3300 - Extracción por Solventes
NEW,CUMBRA INGENIERÍA S.A.,P22-DA-3300-07-WD-078,"DIAGRAMA DE INTERCONEXIONES MOTOR TURBINA DOP L. TREN A ""300-AGA-113-M""",0,03/08/2026,ELECTRICA,Planos,Planos,Técnicos,Revisado con Comentarios,Ingeniería,03/08/2026 17:55,3300 - Extracción por Solventes
NEW,CUMBRA INGENIERÍA S.A.,P22-DA-3300-07-WD-079,"DIAGRAMA DE INTERCONEXIONES MOTOR TURBINA DOP E-1. TREN B ""300-AGA-201-M""",0,03/08/2026,ELECTRICA,Planos,Planos,Técnicos,Revisado con Comentarios,Ingeniería,03/08/2026 17:55,3300 - Extracción por Solventes
NEW,CUMBRA INGENIERÍA S.A.,P22-DA-3300-07-WD-080,"DIAGRAMA DE INTERCONEXIONES MOTOR TURBINA DOP E-2. TREN B ""300-AGA-204-M""",0,03/08/2026,ELECTRICA,Planos,Planos,Técnicos,Revisado con Comentarios,Ingeniería,03/08/2026 17:55,3300 - Extracción por Solventes
NEW,CUMBRA INGENIERÍA S.A.,P22-DA-3300-07-WD-081,"DIAGRAMA DE INTERCONEXIONES MOTOR TURBINA DOP E-3. TREN B ""300-AGA-207-M""",0,03/08/2026,ELECTRICA,Planos,Planos,Técnicos,Revisado con Comentarios,Ingeniería,03/08/2026 17:55,3300 - Extracción por Solventes
NEW,CUMBRA INGENIERÍA S.A.,P22-DA-3300-07-WD-082,"DIAGRAMA DE INTERCONEXIONES MOTOR TURBINA DOP D. TREN B ""300-AGA-210-M""",0,03/08/2026,ELECTRICA,Planos,Planos,Técnicos,Revisado con Comentarios,Ingeniería,03/08/2026 17:55,3300 - Extracción por Solventes
NEW,CUMBRA INGENIERÍA S.A.,P22-DA-3300-07-WD-083,"DIAGRAMA DE INTERCONEXIONES MOTOR TURBINA DOP L. TREN B ""300-AGA-213-M""",0,03/08/2026,ELECTRICA,Planos,Planos,Técnicos,Revisado con Comentarios,Ingeniería,03/08/2026 17:55,3300 - Extracción por Solventes
NEW,CUMBRA INGENIERÍA S.A.,P22-DA-3300-07-WD-084,"DIAGRAMA DE INTERCONEXIONES MOTOR MEZCLADOR SPIROK E-1. TREN A ""300-AGA-102-M""",0,03/08/2026,ELECTRICA,Planos,Planos,Técnicos,Revisado con Comentarios,Ingeniería,03/08/2026 17:55,3300 - Extracción por Solventes
NEW,CUMBRA INGENIERÍA S.A.,P22-DA-3300-07-WD-085,"DIAGRAMA DE INTERCONEXIONES MOTOR MEZCLADOR SPIROK E-1. TREN A ""300-AGA-103-M""",0,14/07/2026,ELECTRICA,Planos,Planos,Técnicos,Informativo,Ingeniería,14/07/2026 16:56,3300 - Extracción por Solventes
NEW,CUMBRA INGENIERÍA S.A.,P22-DA-3300-07-WD-086,"DIAGRAMA DE INTERCONEXIONES MOTOR MEZCLADOR SPIROK E-2. TREN A ""300-AGA-105-M""",0,03/08/2026,ELECTRICA,Planos,Planos,Técnicos,Revisado con Comentarios,Ingeniería,03/08/2026 17:55,3300 - Extracción por Solventes
NEW,CUMBRA INGENIERÍA S.A.,P22-DA-3300-07-WD-087,"DIAGRAMA DE INTERCONEXIONES MOTOR MEZCLADOR SPIROK E-2. TREN A ""300-AGA-106-M""",0,03/08/2026,ELECTRICA,Planos,Planos,Técnicos,Revisado con Comentarios,Ingeniería,03/08/2026 17:55,3300 - Extracción por Solventes
NEW,CUMBRA INGENIERÍA S.A.,P22-DA-3300-07-WD-088,"DIAGRAMA DE INTERCONEXIONES MOTOR MEZCLADOR SPIROK E-3. TREN A ""300-AGA-108-M""",0,03/08/2026,ELECTRICA,Planos,Planos,Técnicos,Revisado con Comentarios,Ingeniería,03/08/2026 17:56,3300 - Extracción por Solventes
NEW,CUMBRA INGENIERÍA S.A.,P22-DA-3300-07-WD-089,"DIAGRAMA DE INTERCONEXIONES MOTOR MEZCLADOR SPIROK E-3. TREN A ""300-AGA-109-M""",0,03/08/2026,ELECTRICA,Planos,Planos,Técnicos,Revisado con Comentarios,Ingeniería,03/08/2026 17:56,3300 - Extracción por Solventes
NEW,CUMBRA INGENIERÍA S.A.,P22-DA-3300-07-WD-090,"DIAGRAMA DE INTERCONEXIONES MOTOR MEZCLADOR SPIROK D. TREN A ""300-AGA-111-M""",0,03/08/2026,ELECTRICA,Planos,Planos,Técnicos,Revisado con Comentarios,Ingeniería,03/08/2026 17:56,3300 - Extracción por Solventes
NEW,CUMBRA INGENIERÍA S.A.,P22-DA-3300-07-WD-091,"DIAGRAMA DE INTERCONEXIONES MOTOR MEZCLADOR SPIROK D. TREN A ""300-AGA-112-M""",0,03/08/2026,ELECTRICA,Planos,Planos,Técnicos,Revisado con Comentarios,Ingeniería,03/08/2026 17:56,3300 - Extracción por Solventes
NEW,CUMBRA INGENIERÍA S.A.,P22-DA-3300-07-WD-092,"DIAGRAMA DE INTERCONEXIONES MOTOR MEZCLADOR SPIROK L. TREN A ""300-AGA-114-M""",0,03/08/2026,ELECTRICA,Planos,Planos,Técnicos,Revisado con Comentarios,Ingeniería,03/08/2026 17:56,3300 - Extracción por Solventes
NEW,CUMBRA INGENIERÍA S.A.,P22-DA-3300-07-WD-093,"DIAGRAMA DE INTERCONEXIONES MOTOR MEZCLADOR SPIROK L. TREN A ""300-AGA-115-M""",0,04/08/2026,ELECTRICA,Planos,Planos,Técnicos,Informativo,Ingeniería,04/08/2026 19:13,3300 - Extracción por Solventes
NEW,CUMBRA INGENIERÍA S.A.,P22-DA-3300-07-WD-094,"DIAGRAMA DE INTERCONEXIONES MOTOR MEZCLADOR SPIROK E-1. TREN B ""300-AGA-202-M""",0,04/08/2026,ELECTRICA,Planos,Planos,Técnicos,Informativo,Ingeniería,04/08/2026 19:14,3300 - Extracción por Solventes
NEW,CUMBRA INGENIERÍA S.A.,P22-DA-3300-07-WD-095,"DIAGRAMA DE INTERCONEXIONES MOTOR MEZCLADOR SPIROK E-1. TREN B ""300-AGA-203-M""",0,04/08/2026,ELECTRICA,Planos,Planos,Técnicos,Informativo,Ingeniería,04/08/2026 19:23,3300 - Extracción por Solventes
NEW,CUMBRA INGENIERÍA S.A.,P22-DA-3300-07-WD-096,"DIAGRAMA DE INTERCONEXIONES MOTOR MEZCLADOR SPIROK E-2. TREN B ""300-AGA-205-M""",0,04/08/2026,ELECTRICA,Planos,Planos,Técnicos,Informativo,Ingeniería,04/08/2026 19:24,3300 - Extracción por Solventes
NEW,CUMBRA INGENIERÍA S.A.,P22-DA-3300-07-WD-097,"DIAGRAMA DE INTERCONEXIONES MOTOR MEZCLADOR SPIROK E-2. TREN B ""300-AGA-206-M""",0,04/08/2026,ELECTRICA,Planos,Planos,Técnicos,Informativo,Ingeniería,04/08/2026 19:25,3300 - Extracción por Solventes
NEW,CUMBRA INGENIERÍA S.A.,P22-DA-3300-07-WD-098,"DIAGRAMA DE INTERCONEXIONES MOTOR MEZCLADOR SPIROK E-3. TREN B ""300-AGA-208-M""",0,04/08/2026,ELECTRICA,Planos,Planos,Técnicos,Informativo,Ingeniería,04/08/2026 19:26,3300 - Extracción por Solventes
NEW,CUMBRA INGENIERÍA S.A.,P22-DA-3300-07-WD-099,"DIAGRAMA DE INTERCONEXIONES MOTOR MEZCLADOR SPIROK E-3. TREN B ""300-AGA-209-M""",0,04/08/2026,ELECTRICA,Planos,Planos,Técnicos,Informativo,Ingeniería,04/08/2026 19:27,3300 - Extracción por Solventes
NEW,CUMBRA INGENIERÍA S.A.,P22-DA-3300-07-WD-100,"DIAGRAMA DE INTERCONEXIONES MOTOR MEZCLADOR SPIROK D. TREN B ""300-AGA-211-M""",0,04/08/2026,ELECTRICA,Planos,Planos,Técnicos,Informativo,Ingeniería,04/08/2026 19:28,3300 - Extracción por Solventes
NEW,CUMBRA INGENIERÍA S.A.,P22-DA-3300-07-WD-101,"DIAGRAMA DE INTERCONEXIONES MOTOR MEZCLADOR SPIROK D. TREN B ""300-AGA-212-M""",0,04/08/2026,ELECTRICA,Planos,Planos,Técnicos,Informativo,Ingeniería,04/08/2026 19:31,3300 - Extracción por Solventes
NEW,CUMBRA INGENIERÍA S.A.,P22-DA-3300-07-WD-102,"DIAGRAMA DE INTERCONEXIONES MOTOR MEZCLADOR SPIROK L. TREN B ""300-AGA-214-M""",0,04/08/2026,ELECTRICA,Planos,Planos,Técnicos,Informativo,Ingeniería,04/08/2026 19:32,3300 - Extracción por Solventes
NEW,CUMBRA INGENIERÍA S.A.,P22-DA-3300-07-WD-103,"DIAGRAMA DE INTERCONEXIONES MOTOR MEZCLADOR SPIROK L. TREN B ""300-AGA-215-M""",0,04/08/2026,ELECTRICA,Planos,Planos,Técnicos,Informativo,Ingeniería,04/08/2026 19:32,3300 - Extracción por Solventes
NEW,CUMBRA INGENIERÍA S.A.,P22-DA-3300-07-WD-104,"DIAGRAMA DE INTERCONEXIONES BOMBA ORGÁNICO CARGADO POD. TREN A ""300-PPC-101""",0,05/08/2026,ELECTRICA,Planos,Planos,Técnicos,Informativo,Ingeniería,05/08/2026 16:19,3300 - Extracción por Solventes
NEW,CUMBRA INGENIERÍA S.A.,P22-DA-3300-07-WD-105,"DIAGRAMA DE INTERCONEXIONES BOMBA ORGÁNICO CARGADO POD. TREN A ""300-PPC-102""",0,05/08/2026,ELECTRICA,Planos,Planos,Técnicos,Informativo,Ingeniería,05/08/2026 16:20,3300 - Extracción por Solventes
NEW,CUMBRA INGENIERÍA S.A.,P22-DA-3300-07-WD-106,"DIAGRAMA DE INTERCONEXIONES BOMBA ORGÁNICO CARGADO POD. TREN A ""300-PPC-103""",0,05/08/2026,ELECTRICA,Planos,Planos,Técnicos,Informativo,Ingeniería,05/08/2026 16:21,3300 - Extracción por Solventes
NEW,CUMBRA INGENIERÍA S.A.,P22-DA-3300-07-WD-107,"DIAGRAMA DE INTERCONEXIONES MOTOR BOMBA DE ALIMENTACIÓN A TANQUE DILUYENTE ""300-PPC-301-M""",0,05/08/2026,ELECTRICA,Planos,Planos,Técnicos,Informativo,Ingeniería,05/08/2026 16:21,3300 - Extracción por Solventes
NEW,CUMBRA INGENIERÍA S.A.,P22-DA-3300-07-WD-108,"DIAGRAMA DE INTERCONEXIONES MOTOR BOMBA DE ALIMENTACIÓN A TANQUE DILUYENTE ""300-PPC-302-M""",0,05/08/2026,ELECTRICA,Planos,Planos,Técnicos,Informativo,Ingeniería,05/08/2026 16:22,3300 - Extracción por Solventes
NEW,CUMBRA INGENIERÍA S.A.,P22-DA-3300-07-WD-109,"DIAGRAMA DE INTERCONEXIONES. BOMBA DESCARTE ACUOSO POD. TREN A ""300-PPC-106""",0,05/08/2026,ELECTRICA,Planos,Planos,Técnicos,Informativo,Ingeniería,05/08/2026 16:23,3300 - Extracción por Solventes
NEW,CUMBRA INGENIERÍA S.A.,P22-DA-3300-07-WD-110,"DIAGRAMA DE INTERCONEXIONES.  BOMBA DESCARTE ACUOSO POD. TREN A ""300-PPC-107""",0,05/08/2026,ELECTRICA,Planos,Planos,Técnicos,Informativo,Ingeniería,05/08/2026 16:23,3300 - Extracción por Solventes
NEW,CUMBRA INGENIERÍA S.A.,P22-DA-3300-07-WD-111,"DIAGRAMA DE INTERCONEXIONES BOMBA ORGÁNICO CARGADO. TREN B ""300-PPC-201""",0,05/08/2026,ELECTRICA,Planos,Planos,Técnicos,Informativo,Ingeniería,05/08/2026 16:24,3300 - Extracción por Solventes
NEW,CUMBRA INGENIERÍA S.A.,P22-DA-3300-07-WD-112,"DIAGRAMA DE INTERCONEXIONES BOMBA ORGÁNICO CARGADO. TREN B ""300-PPC-202""",0,05/08/2026,ELECTRICA,Planos,Planos,Técnicos,Informativo,Ingeniería,05/08/2026 16:25,3300 - Extracción por Solventes
NEW,CUMBRA INGENIERÍA S.A.,P22-DA-3300-07-WD-113,"DIAGRAMA DE INTERCONEXIONES BOMBA ORGÁNICO CARGADO. TREN B ""300-PPC-203""",0,05/08/2026,ELECTRICA,Planos,Planos,Técnicos,Informativo,Ingeniería,05/08/2026 16:26,3300 - Extracción por Solventes
NEW,CUMBRA INGENIERÍA S.A.,P22-DA-3300-07-WD-116,"DIAGRAMA DE INTERCONEXIONES. BOMBA DESCARTE ACUOSO TANQUE OC. TREN B ""300-PPC-206""",0,05/08/2026,ELECTRICA,Planos,Planos,Técnicos,Informativo,Ingeniería,05/08/2026 16:26,3300 - Extracción por Solventes
NEW,CUMBRA INGENIERÍA S.A.,P22-DA-3300-07-WD-117,"DIAGRAMA DE INTERCONEXIONES. BOMBA DESCARTE ACUOSO TANQUE OC. TREN B ""300-PPC-207""",0,05/08/2026,ELECTRICA,Planos,Planos,Técnicos,Informativo,Ingeniería,05/08/2026 16:27,3300 - Extracción por Solventes
NEW,CUMBRA INGENIERÍA S.A.,P22-DA-3300-07-WD-118,DIAGRAMA DE INTERCONEXIONES “BOMBA DE ORGÁNICO TRATADO 300-PPC-002”,B,15/07/2026,ELECTRICA,Planos,Planos,Técnicos,Revisión de SPCC,Ingeniería,15/07/2026 18:49,3300 - Extracción por Solventes
NEW,CUMBRA INGENIERÍA S.A.,P22-DA-3300-07-WD-119,"DIAGRAMA DE INTERCONEXIONES ""BOMBA IMPULSIÓN DILUYENTE 300-PPC-311""",0,05/08/2026,ELECTRICA,Planos,Planos,Técnicos,Informativo,Ingeniería,05/08/2026 16:28,3300 - Extracción por Solventes
NEW,CUMBRA INGENIERÍA S.A.,P22-DA-3300-07-WD-120,"DIAGRAMA DE INTERCONEXIONES ""BOMBA IMPULSIÓN DILUYENTE 300-PPC-312""",0,05/08/2026,ELECTRICA,Planos,Planos,Técnicos,Informativo,Ingeniería,05/08/2026 16:55,3300 - Extracción por Solventes
NEW,CUMBRA INGENIERÍA S.A.,P22-DA-3300-07-WD-121,DIAGRAMA DE INTERCONEXIONES “BOMBA TRASPASO ORGÁNICO 300-PPC-006”,0,13/08/2026,ELECTRICA,Planos,Planos,Técnicos,Informativo,Ingeniería,13/08/2026 11:51,3300 - Extracción por Solventes
NEW,CUMBRA INGENIERÍA S.A.,P22-DA-3300-07-WD-122,DIAGRAMA DE INTERCONEXIONES “BOMBA TRASPASO ORGÁNICO 300-PPC-007”,0,13/08/2026,ELECTRICA,Planos,Planos,Técnicos,Informativo,Ingeniería,13/08/2026 11:55,3300 - Extracción por Solventes
NEW,CUMBRA INGENIERÍA S.A.,P22-DA-3300-07-WD-123,DIAGRAMA DE INTERCONEXIONES “BOMBA TRASPASO ORGÁNICO 300-PPC-008”,0,13/08/2026,ELECTRICA,Planos,Planos,Técnicos,Informativo,Ingeniería,13/08/2026 11:57,3300 - Extracción por Solventes
NEW,CUMBRA INGENIERÍA S.A.,P22-DA-3300-07-WD-124,DIAGRAMA DE INTERCONEXIONES “BOMBA TRASPASO ORGÁNICO 300-PPC-009”,0,13/08/2026,ELECTRICA,Planos,Planos,Técnicos,Informativo,Ingeniería,13/08/2026 11:59,3300 - Extracción por Solventes
NEW,CUMBRA INGENIERÍA S.A.,P22-DA-3300-07-WD-125,DIAGRAMA DE INTERCONEXIONES “BOMBA TRASPASO ORGÁNICO 300-PPC-012,0,13/08/2026,ELECTRICA,Planos,Planos,Técnicos,Informativo,Ingeniería,13/08/2026 12:00,3300 - Extracción por Solventes
NEW,CUMBRA INGENIERÍA S.A.,P22-DA-3300-07-WD-126,DIAGRAMA DE INTERCONEXIONES “BOMBA TRASPASO ORGÁNICO 300-PPC-013,0,13/08/2026,ELECTRICA,Planos,Planos,Técnicos,Informativo,Ingeniería,13/08/2026 12:01,3300 - Extracción por Solventes
NEW,CUMBRA INGENIERÍA S.A.,P22-DA-3300-07-WD-127,DIAGRAMA DE INTERCONEXIONES “BOMBA TRASPASO ACUOSO 300-PPC-014,0,13/08/2026,ELECTRICA,Planos,Planos,Técnicos,Informativo,Ingeniería,13/08/2026 12:02,3300 - Extracción por Solventes
NEW,CUMBRA INGENIERÍA S.A.,P22-DA-3300-07-WD-128,DIAGRAMA DE INTERCONEXIONES “BOMBA TRASPASO ACUOSO 300-PPC-015,0,13/08/2026,ELECTRICA,Planos,Planos,Técnicos,Informativo,Ingeniería,13/08/2026 12:03,3300 - Extracción por Solventes
NEW,CUMBRA INGENIERÍA S.A.,P22-DA-3300-07-WD-129,DIAGRAMA DE INTERCONEXIONES “BOMBA ALIMENTACIÓN TRICANTER 300-PPD-003”,0,13/08/2026,ELECTRICA,Planos,Planos,Técnicos,Informativo,Ingeniería,13/08/2026 12:04,3300 - Extracción por Solventes
NEW,CUMBRA INGENIERÍA S.A.,P22-DA-3300-07-WD-130,DIAGRAMA DE INTERCONEXIONES “BOMBA ALIMENTACIÓN TRICANTER 300-PPD-007”,0,13/08/2026,ELECTRICA,Planos,Planos,Técnicos,Informativo,Ingeniería,13/08/2026 12:41,3300 - Extracción por Solventes
NEW,CUMBRA INGENIERÍA S.A.,P22-DA-3300-07-WD-131,DIAGRAMA DE INTERCONEXIONES CARRO TRACCIÓN EXTRACCIÓN GRUMOS E1 “300-CWR-001”,0,13/08/2026,ELECTRICA,Planos,Planos,Técnicos,Informativo,Ingeniería,13/08/2026 12:14,3300 - Extracción por Solventes
NEW,CUMBRA INGENIERÍA S.A.,P22-DA-3300-07-WD-132,DIAGRAMA DE INTERCONEXIONES CARRO TRACCIÓN EXTRACCIÓN GRUMOS D “300-CWR-004”,0,13/08/2026,ELECTRICA,Planos,Planos,Técnicos,Informativo,Ingeniería,13/08/2026 12:15,3300 - Extracción por Solventes
NEW,CUMBRA INGENIERÍA S.A.,P22-DA-3300-07-WD-133,DIAGRAMA DE INTERCONEXIONES CARRO TRACCIÓN EXTRACCIÓN GRUMOS L “300-CWR-005”,0,13/08/2026,ELECTRICA,Planos,Planos,Técnicos,Informativo,Ingeniería,13/08/2026 12:19,3300 - Extracción por Solventes
NEW,CUMBRA INGENIERÍA S.A.,P22-DA-3300-07-WD-134,DIAGRAMA DE INTERCONEXIONES AGITADOR TANQUE GRUMOS PRIMARIOS “300-AGA-001”,0,13/08/2026,ELECTRICA,Planos,Planos,Técnicos,Informativo,Ingeniería,13/08/2026 12:21,3300 - Extracción por Solventes
NEW,CUMBRA INGENIERÍA S.A.,P22-DA-3300-07-WD-135,DIAGRAMA DE INTERCONEXIONES AGITADOR TANQUE GRUMOS PRIMARIOS “300-AGA-002”,0,04/08/2026,ELECTRICA,Planos,Planos,Técnicos,Informativo,Ingeniería,05/08/2026 09:46,3300 - Extracción por Solventes
NEW,CUMBRA INGENIERÍA S.A.,P22-DA-3300-07-WD-136,DIAGRAMA DE INTERCONEXIONES AGITADOR TANQUE TRATAMIENTO DE ORGÁNICO “300-AGA-003”,0,13/08/2026,ELECTRICA,Planos,Planos,Técnicos,Informativo,Ingeniería,13/08/2026 12:23,3300 - Extracción por Solventes
NEW,CUMBRA INGENIERÍA S.A.,P22-DA-3300-07-WD-137,DIAGRAMA DE INTERCONEXIONES AGITADOR TANQUE GRUMOS SECUNDARIOS “300-AGA-006”,0,13/08/2026,ELECTRICA,Planos,Planos,Técnicos,Informativo,Ingeniería,13/08/2026 12:24,3300 - Extracción por Solventes
NEW,CUMBRA INGENIERÍA S.A.,P22-DA-3300-07-WD-138,DIAGRAMA DE INTERCONEXIONES AGITADOR TANQUE PRE-CAPA “300-AGA-009”,0,13/08/2026,ELECTRICA,Planos,Planos,Técnicos,Informativo,Ingeniería,13/08/2026 12:24,3300 - Extracción por Solventes
NEW,CUMBRA INGENIERÍA S.A.,P22-DA-3300-07-WD-139,DIAGRAMA DE INTERCONEXIONES CARRO TRACCIÓN EXTRACCIÓN GRUMOS E1 “300-CWR-006”,0,13/08/2026,ELECTRICA,Planos,Planos,Técnicos,Informativo,Ingeniería,13/08/2026 12:25,3300 - Extracción por Solventes
NEW,CUMBRA INGENIERÍA S.A.,P22-DA-3300-07-WD-140,DIAGRAMA DE INTERCONEXIONES CARRO TRACCIÓN EXTRACCIÓN GRUMOS D “300-CWR-009”,0,13/08/2026,ELECTRICA,Planos,Planos,Técnicos,Informativo,Ingeniería,13/08/2026 12:39,3300 - Extracción por Solventes
NEW,CUMBRA INGENIERÍA S.A.,P22-DA-3300-07-WD-141,DIAGRAMA DE INTERCONEXIONES CARRO TRACCIÓN EXTRACCIÓN GRUMOS L “300-CWR-010”,0,13/08/2026,ELECTRICA,Planos,Planos,Técnicos,Informativo,Ingeniería,13/08/2026 12:40,3300 - Extracción por Solventes
NEW,CUMBRA INGENIERÍA S.A.,P22-DA-3300-07-WD-142,"DIAGRAMA DE INTERCONEXIONES MOTOR BOMBA DE ALIMENTACIÓN A TANQUE DE COMBUSTIBLE ""300-PPC-401-M""",0,07/08/2026,ELECTRICA,Planos,Planos,Técnicos,Informativo,Ingeniería,07/08/2026 15:30,3300 - Extracción por Solventes
NEW,CUMBRA INGENIERÍA S.A.,P22-DA-3300-07-WD-143,"DIAGRAMA DE INTERCONEXIONES MOTOR BOMBA DE ALIMENTACIÓN A TANQUE DE COMBUSTIBLE ""300-PPC-402-M""",0,07/08/2026,ELECTRICA,Planos,Planos,Técnicos,Informativo,Ingeniería,07/08/2026 15:31,3300 - Extracción por Solventes
NEW,CUMBRA INGENIERÍA S.A.,P22-DA-3300-07-WD-144,"DIAGRAMA DE INTERCONEXIONES MOTOR BOMBA DE ALIMENTACIÓN A TANQUE DIARIO ""300-PPC-411-M""",0,07/08/2026,ELECTRICA,Planos,Planos,Técnicos,Informativo,Ingeniería,07/08/2026 15:31,3300 - Extracción por Solventes
NEW,CUMBRA INGENIERÍA S.A.,P22-DA-3300-07-WD-145,"DIAGRAMA DE INTERCONEXIONES MOTOR BOMBA DE ALIMENTACIÓN A TANQUE DIARIO ""300-PPC-412-M""",0,07/08/2026,ELECTRICA,Planos,Planos,Técnicos,Informativo,Ingeniería,07/08/2026 15:32,3300 - Extracción por Solventes
NEW,CUMBRA INGENIERÍA S.A.,P22-DA-3300-07-WD-146,DIAGRAMA DE INTERCONEXIONES BOMBA DE ORGÁNICO TRATADO “300-PPC-001”,0,13/08/2026,ELECTRICA,Planos,Planos,Técnicos,Informativo,Ingeniería,13/08/2026 12:40,3300 - Extracción por Solventes
NEW,CUMBRA INGENIERÍA S.A.,P22-DA-3400-07-GL-001,DISPOSICIÓN SISTEMA DE PUESTA A TIERRA (1 DE 2),0,02/07/2026,ELECTRICA,Planos,Planos,Técnicos,Revisado con Comentarios,Ingeniería,02/07/2026 12:55,3400 - Patio de Tanques
NEW,CUMBRA INGENIERÍA S.A.,P22-DA-3400-07-GL-002,DISPOSICIÓN SISTEMA DE PUESTA A TIERRA (2 DE 2),0,16/07/2026,ELECTRICA,Planos,Planos,Técnicos,Informativo,Ingeniería,17/07/2026 09:01,3400 - Patio de Tanques
NEW,CUMBRA INGENIERÍA S.A.,P22-DA-3400-07-GL-003,MALLA DE TIERRA SUBESTACIONES 400-XFU-001 - 400-XFU-002 Y SALA ELÉCTRICA 400-ERS-001,0,02/07/2026,ELECTRICA,Planos,Planos,Técnicos,Revisado con Comentarios,Ingeniería,02/07/2026 12:57,3400 - Patio de Tanques
NEW,CUMBRA INGENIERÍA S.A.,P22-DA-3400-07-LY-001,DISPOSICIÓN DE EQUIPOS SALA ELÉCTRICA 400-ERS-001 - PLANTA,0,20/02/2026,ELECTRICA,Planos,Planos,Técnicos,Revisado con Comentarios,Ingeniería,20/02/2026 16:37,3400 - Patio de Tanques
NEW,CUMBRA INGENIERÍA S.A.,P22-DA-3400-07-LY-002,DISPOSICIÓN DE EQUIPOS SALA ELÉCTRICA 400-ERS-001 - SECCIONES,0,20/02/2026,ELECTRICA,Planos,Planos,Técnicos,Revisado con Comentarios,Ingeniería,20/02/2026 16:37,3400 - Patio de Tanques
NEW,CUMBRA INGENIERÍA S.A.,P22-DA-3400-07-LY-003,CANALIZACIONES ELÉCTRICAS SALA ELÉCTRICA 400-ERS-001 - PLANTA,B,02/07/2026,ELECTRICA,Planos,Planos,Técnicos,Revisión de SPCC,Ingeniería,02/07/2026 12:52,3400 - Patio de Tanques
NEW,CUMBRA INGENIERÍA S.A.,P22-DA-3400-07-LY-004,CANALIZACIONES ELÉCTRICAS SALA ELÉCTRICA 400-ERS-001 - SECCIONES,B,02/07/2026,ELECTRICA,Planos,Planos,Técnicos,Revisión de SPCC,Ingeniería,02/07/2026 12:53,3400 - Patio de Tanques
NEW,CUMBRA INGENIERÍA S.A.,P22-DA-3400-07-SD-001,DIAGRAMA UNIFILAR TABLERO 400-DPD-001,1,20/07/2026,ELECTRICA,Planos,Planos,Técnicos,Revisado y Validado,Ingeniería,21/07/2026 10:34,3400 - Patio de Tanques
NEW,CUMBRA INGENIERÍA S.A.,P22-DA-3400-07-SD-003,DIAGRAMA UNIFILAR CCM 400-MCL-001 (1 DE 2),1,19/06/2026,ELECTRICA,Planos,Planos,Técnicos,Revisado y Validado,Ingeniería,19/06/2026 15:02,3400 - Patio de Tanques
NEW,CUMBRA INGENIERÍA S.A.,P22-DA-3400-07-SD-004,DIAGRAMA UNIFILAR CCM 400-MCL-001 (2 DE 2),1,19/06/2026,ELECTRICA,Planos,Planos,Técnicos,Revisado y Validado,Ingeniería,19/06/2026 15:38,3400 - Patio de Tanques
NEW,CUMBRA INGENIERÍA S.A.,P22-DA-3400-07-SD-005,DIAGRAMA UNIFILAR CCM 400-MCL-002 (1 DE 2),1,19/06/2026,ELECTRICA,Planos,Planos,Técnicos,Revisado y Validado,Ingeniería,19/06/2026 15:04,3400 - Patio de Tanques
NEW,CUMBRA INGENIERÍA S.A.,P22-DA-3400-07-SD-006,DIAGRAMA UNIFILAR CCM 400-MCL-002 (2 DE 2),1,19/06/2026,ELECTRICA,Planos,Planos,Técnicos,Revisado y Validado,Ingeniería,19/06/2026 15:28,3400 - Patio de Tanques
NEW,CUMBRA INGENIERÍA S.A.,P22-DA-3400-07-SD-008,DIAGRAMA UNIFILAR TABLERO DE BAJA TENSIÓN 400-SBL-001,B,30/01/2026,ELECTRICA,Planos,Planos,Técnicos,Revisado con Comentarios,Ingeniería,02/02/2026 10:23,3400 - Patio de Tanques
NEW,CUMBRA INGENIERÍA S.A.,P22-DA-3400-07-SD-009,DIAGRAMA UNIFILAR TABLERO 400-DPA-001,0,20/02/2026,ELECTRICA,Planos,Planos,Técnicos,Revisado y Validado,Ingeniería,20/02/2026 18:53,3400 - Patio de Tanques
NEW,CUMBRA INGENIERÍA S.A.,P22-DA-3400-07-SD-010,DIAGRAMA UNIFILAR TABLERO 400-LPA-001,0,20/02/2026,ELECTRICA,Planos,Planos,Técnicos,Revisado y Validado,Ingeniería,20/02/2026 18:53,3400 - Patio de Tanques
NEW,CUMBRA INGENIERÍA S.A.,P22-DA-3400-07-SD-011,DIAGRAMA UNIFILAR SWITHCGEAR 400-SGL-001,1,22/06/2026,ELECTRICA,Planos,Planos,Técnicos,Revisado y Validado,Ingeniería,22/06/2026 15:12,3400 - Patio de Tanques
NEW,CUMBRA INGENIERÍA S.A.,P22-DA-3400-07-WD-001,"DIAGRAMA ESQUEMÁTICO DE CONTROL BOMBAS ELECTROLITO RICO ""400-PPC-001""",0,10/08/2026,ELECTRICA,Planos,Planos,Técnicos,Informativo,Ingeniería,10/08/2026 13:56,3400 - Patio de Tanques
NEW,CUMBRA INGENIERÍA S.A.,P22-DA-3400-07-WD-002,"DIAGRAMA ESQUEMÁTICO DE CONTROL BOMBAS ELECTROLITO RICO ""400-PPC-002""",0,10/08/2026,ELECTRICA,Planos,Planos,Técnicos,Informativo,Ingeniería,10/08/2026 13:57,3400 - Patio de Tanques
NEW,CUMBRA INGENIERÍA S.A.,P22-DA-3400-07-WD-003,"DIAGRAMA ESQUEMÁTICO DE CONTROL BOMBAS ELECTROLITO RICO ""400-PPC-003""",0,10/08/2026,ELECTRICA,Planos,Planos,Técnicos,Informativo,Ingeniería,10/08/2026 13:59,3400 - Patio de Tanques
NEW,CUMBRA INGENIERÍA S.A.,P22-DA-3400-07-WD-004,"DIAGRAMA ESQUEMÁTICO DE CONTROL BOMBAS RECIRCULACIÓN ELECTROLITO ""400-PPC-004""",0,10/08/2026,ELECTRICA,Planos,Planos,Técnicos,Informativo,Ingeniería,10/08/2026 14:00,3400 - Patio de Tanques
NEW,CUMBRA INGENIERÍA S.A.,P22-DA-3400-07-WD-005,"DIAGRAMA ESQUEMÁTICO DE CONTROL BOMBAS RECIRCULACIÓN ELECTROLITO RICO ""400-PPC-005""",0,10/08/2026,ELECTRICA,Planos,Planos,Técnicos,Informativo,Ingeniería,10/08/2026 14:05,3400 - Patio de Tanques
NEW,CUMBRA INGENIERÍA S.A.,P22-DA-3400-07-WD-006,"DIAGRAMA ESQUEMÁTICO DE CONTROL BOMBAS RECIRCULACIÓN ELECTROLITO ""400-PPC-006""",0,10/08/2026,ELECTRICA,Planos,Planos,Técnicos,Informativo,Ingeniería,10/08/2026 14:09,3400 - Patio de Tanques
NEW,CUMBRA INGENIERÍA S.A.,P22-DA-3400-07-WD-007,"DIAGRAMA ESQUEMÁTICO DE CONTROL BOMBAS RECIRCULACIÓN ELECTROLITO ""400-PPC-007""",0,10/08/2026,ELECTRICA,Planos,Planos,Técnicos,Informativo,Ingeniería,10/08/2026 14:11,3400 - Patio de Tanques
NEW,CUMBRA INGENIERÍA S.A.,P22-DA-3400-07-WD-008,"DIAGRAMA ESQUEMÁTICO DE CONTROL BOMBAS RECIRCULACIÓN ELECTROLITO ""400-PPC-008""",0,10/08/2026,ELECTRICA,Planos,Planos,Técnicos,Informativo,Ingeniería,10/08/2026 14:12,3400 - Patio de Tanques
NEW,CUMBRA INGENIERÍA S.A.,P22-DA-3400-07-WD-009,"DIAGRAMA ESQUEMÁTICO DE CONTROL BOMBAS RECIRCULACIÓN ELECTROLITO ""400-PPC-009""",0,10/08/2026,ELECTRICA,Planos,Planos,Técnicos,Informativo,Ingeniería,10/08/2026 14:12,3400 - Patio de Tanques
NEW,CUMBRA INGENIERÍA S.A.,P22-DA-3400-07-WD-010,"DIAGRAMA ESQUEMÁTICO DE CONTROL BOMBAS RECIRCULACIÓN ELECTROLITO ""400-PPC-010""",0,10/08/2026,ELECTRICA,Planos,Planos,Técnicos,Informativo,Ingeniería,10/08/2026 14:13,3400 - Patio de Tanques
NEW,CUMBRA INGENIERÍA S.A.,P22-DA-3400-07-WD-011,"DIAGRAMA ESQUEMÁTICO DE CONTROL BOMBAS RECIRCULACIÓN ELECTROLITO ""400-PPC-011""",0,10/08/2026,ELECTRICA,Planos,Planos,Técnicos,Informativo,Ingeniería,10/08/2026 13:55,3400 - Patio de Tanques
NEW,CUMBRA INGENIERÍA S.A.,P22-DA-3400-07-WD-012,"DIAGRAMA ESQUEMÁTICO DE CONTROL BOMBAS ELECTROLITO POBRE A TREN A/B ""400-PPC-012""",0,10/08/2026,ELECTRICA,Planos,Planos,Técnicos,Informativo,Ingeniería,10/08/2026 14:14,3400 - Patio de Tanques
NEW,CUMBRA INGENIERÍA S.A.,P22-DA-3400-07-WD-013,"DIAGRAMA ESQUEMÁTICO DE CONTROL BOMBAS ELECTROLITO POBRE A TREN A/B ""400-PPC-013""",0,10/08/2026,ELECTRICA,Planos,Planos,Técnicos,Informativo,Ingeniería,10/08/2026 14:14,3400 - Patio de Tanques
NEW,CUMBRA INGENIERÍA S.A.,P22-DA-3400-07-WD-014,"DIAGRAMA ESQUEMÁTICO DE CONTROL BOMBAS ELECTROLITO POBRE A TREN A/B ""400-PPC-014""",0,10/08/2026,ELECTRICA,Planos,Planos,Técnicos,Informativo,Ingeniería,10/08/2026 14:15,3400 - Patio de Tanques
NEW,CUMBRA INGENIERÍA S.A.,P22-DA-3400-07-WD-015,"DIAGRAMA ESQUEMÁTICO DE CONTROL BOMBAS ELECTROLITO POBRE RETROLAVADO ""400-PPC-015""",0,10/08/2026,ELECTRICA,Planos,Planos,Técnicos,Informativo,Ingeniería,10/08/2026 14:16,3400 - Patio de Tanques
NEW,CUMBRA INGENIERÍA S.A.,P22-DA-3400-07-WD-016,"DIAGRAMA ESQUEMÁTICO DE CONTROL BOMBAS ELECTROLITO POBRE RETROLAVADO ""400-PPC-016""",0,10/08/2026,ELECTRICA,Planos,Planos,Técnicos,Informativo,Ingeniería,10/08/2026 14:17,3400 - Patio de Tanques
NEW,CUMBRA INGENIERÍA S.A.,P22-DA-3400-07-WD-017,DIAGRAMA ESQUEMÁTICO DE CONTROL BOMBAS DE RETROLAVADO ETAPA S “400-PPC-018 “,0,10/08/2026,ELECTRICA,Planos,Planos,Técnicos,Informativo,Ingeniería,10/08/2026 16:36,3400 - Patio de Tanques
NEW,CUMBRA INGENIERÍA S.A.,P22-DA-3400-07-WD-018,DIAGRAMA ESQUEMÁTICO DE CONTROL BOMBAS DE RETROLAVADO ETAPA S “400-PPC-019 “,0,10/08/2026,ELECTRICA,Planos,Planos,Técnicos,Informativo,Ingeniería,10/08/2026 16:37,3400 - Patio de Tanques
NEW,CUMBRA INGENIERÍA S.A.,P22-DA-3400-07-WD-019,DIAGRAMA ESQUEMÁTICO DE CONTROL BOMBA TANQUE DE RETENCIÓN “400-PPC-021 “,0,10/08/2026,ELECTRICA,Planos,Planos,Técnicos,Informativo,Ingeniería,10/08/2026 16:38,3400 - Patio de Tanques
NEW,CUMBRA INGENIERÍA S.A.,P22-DA-3400-07-WD-020,DIAGRAMA ESQUEMÁTICO DE CONTROL BOMBA TANQUE DE RETENCIÓN “400-PPC-022 “,0,10/08/2026,ELECTRICA,Planos,Planos,Técnicos,Informativo,Ingeniería,10/08/2026 16:38,3400 - Patio de Tanques
NEW,CUMBRA INGENIERÍA S.A.,P22-DA-3400-07-WD-021,DIAGRAMA ESQUEMÁTICO DE CONTROL BOMBA DE ORGÁNICO RECUPERADO “400-PPC-023”,0,10/08/2026,ELECTRICA,Planos,Planos,Técnicos,Informativo,Ingeniería,10/08/2026 16:39,3400 - Patio de Tanques
NEW,CUMBRA INGENIERÍA S.A.,P22-DA-3400-07-WD-022,DIAGRAMA ESQUEMÁTICO DE CONTROL BOMBA DE ORGÁNICO RECUPERADO “400-PPC-024”,0,10/08/2026,ELECTRICA,Planos,Planos,Técnicos,Informativo,Ingeniería,10/08/2026 16:40,3400 - Patio de Tanques
NEW,CUMBRA INGENIERÍA S.A.,P22-DA-3400-07-WD-029,DIAGRAMA ESQUEMÁTICO DE CONTROL BBA. RECOLECCIÓN ORGÁNICO DRENAJES “400-PPV-001”,0,11/08/2026,ELECTRICA,Planos,Planos,Técnicos,Informativo,Ingeniería,11/08/2026 12:09,3400 - Patio de Tanques
NEW,CUMBRA INGENIERÍA S.A.,P22-DA-3400-07-WD-030,DIAGRAMA ESQUEMÁTICO DE CONTROL BOMBAS TRANSFERENCIAS DRENAJES “400-PPV-003”,0,11/08/2026,ELECTRICA,Planos,Planos,Técnicos,Informativo,Ingeniería,11/08/2026 12:10,3400 - Patio de Tanques
NEW,CUMBRA INGENIERÍA S.A.,P22-DA-3400-07-WD-031,DIAGRAMA ESQUEMÁTICO DE CONTROL AGITADOR TANQUE PREPARACIÓN GUAR “400-AGA- 001”,0,11/08/2026,ELECTRICA,Planos,Planos,Técnicos,Informativo,Ingeniería,11/08/2026 12:13,3400 - Patio de Tanques
NEW,CUMBRA INGENIERÍA S.A.,P22-DA-3400-07-WD-032,DIAGRAMA ESQUEMÁTICO DE CONTROL AGITADOR TANQUE DISTRIBUCIÓN GUAR “400-AGA-002”,0,11/08/2026,ELECTRICA,Planos,Planos,Técnicos,Informativo,Ingeniería,11/08/2026 12:14,3400 - Patio de Tanques
NEW,CUMBRA INGENIERÍA S.A.,P22-DA-3400-07-WD-033,DIAGRAMA ESQUEMÁTICO DE CONTROL AGITADOR TANQUE PREP. SULF. COBALTO “400-AGA- 003”,0,11/08/2026,ELECTRICA,Planos,Planos,Técnicos,Informativo,Ingeniería,11/08/2026 12:15,3400 - Patio de Tanques
NEW,CUMBRA INGENIERÍA S.A.,P22-DA-3400-07-WD-034,DIAGRAMA ESQUEMÁTICO DE CONTROL SOPLADOR FILTRO DE ELECTROLITO “400-FAN-001”,0,11/08/2026,ELECTRICA,Planos,Planos,Técnicos,Informativo,Ingeniería,11/08/2026 12:16,3400 - Patio de Tanques
NEW,CUMBRA INGENIERÍA S.A.,P22-DA-3400-07-WD-035,DIAGRAMA ESQUEMÁTICO DE CONTROL SOPLADOR FILTRO DE ELECTROLITO “400-FAN-002”,0,11/08/2026,ELECTRICA,Planos,Planos,Técnicos,Informativo,Ingeniería,11/08/2026 12:17,3400 - Patio de Tanques
NEW,CUMBRA INGENIERÍA S.A.,P22-DA-3400-07-WD-036,DIAGRAMA ESQUEMÁTICO DE CONTROL ALIMENTADOR DE GUAR TANQUE PREP. “400-CVS-001”,0,11/08/2026,ELECTRICA,Planos,Planos,Técnicos,Informativo,Ingeniería,11/08/2026 12:17,3400 - Patio de Tanques
NEW,CUMBRA INGENIERÍA S.A.,P22-DA-3400-07-WD-037,DIAGRAMA ESQUEMÁTICO DE CONTROL TORNILLO ALIMENTACIÓN COBALTO “400-CVS-002”,0,11/08/2026,ELECTRICA,Planos,Planos,Técnicos,Informativo,Ingeniería,11/08/2026 12:18,3400 - Patio de Tanques
NEW,CUMBRA INGENIERÍA S.A.,P22-DA-3400-07-WD-038,DIAGRAMA ESQUEMÁTICO DE CONTROL BOMBA AGUA ACIDA “400-PPC-050”,0,11/08/2026,ELECTRICA,Planos,Planos,Técnicos,Informativo,Ingeniería,11/08/2026 12:19,3400 - Patio de Tanques
NEW,CUMBRA INGENIERÍA S.A.,P22-DA-3400-07-WD-039,DIAGRAMA ESQUEMÁTICO DE CONTROL BOMBA AGUA ACIDA “400-PPC-051”,0,11/08/2026,ELECTRICA,Planos,Planos,Técnicos,Informativo,Ingeniería,11/08/2026 12:32,3400 - Patio de Tanques
NEW,CUMBRA INGENIERÍA S.A.,P22-DA-3400-07-WD-040,"DIAGRAMA DE INTERCONEXIONES BOMBAS DE RECIRCULACIÓN ELECTROLITO ""400-PPC-001""",0,11/08/2026,ELECTRICA,Planos,Planos,Técnicos,Informativo,Ingeniería,11/08/2026 19:40,3400 - Patio de Tanques
NEW,CUMBRA INGENIERÍA S.A.,P22-DA-3400-07-WD-041,"DIAGRAMA DE INTERCONEXIONES BOMBAS DE RECIRCULACIÓN ELECTROLITO ""400-PPC-002""",0,11/08/2026,ELECTRICA,Planos,Planos,Técnicos,Informativo,Ingeniería,11/08/2026 19:41,3400 - Patio de Tanques
NEW,CUMBRA INGENIERÍA S.A.,P22-DA-3400-07-WD-042,"DIAGRAMA DE INTERCONEXIONES BOMBAS DE RECIRCULACIÓN ELECTROLITO ""400-PPC-003""",0,11/08/2026,ELECTRICA,Planos,Planos,Técnicos,Informativo,Ingeniería,11/08/2026 19:42,3400 - Patio de Tanques
NEW,CUMBRA INGENIERÍA S.A.,P22-DA-3400-07-WD-043,"DIAGRAMA DE INTERCONEXIONES BOMBAS DE RECIRCULACIÓN ELECTROLITO ""400-PPC-004""",0,11/08/2026,ELECTRICA,Planos,Planos,Técnicos,Informativo,Ingeniería,11/08/2026 19:43,3400 - Patio de Tanques
NEW,CUMBRA INGENIERÍA S.A.,P22-DA-3400-07-WD-044,"DIAGRAMA DE INTERCONEXIONES BOMBAS DE RECIRCULACIÓN ELECTROLITO ""400-PPC-005""",0,11/08/2026,ELECTRICA,Planos,Planos,Técnicos,Informativo,Ingeniería,11/08/2026 19:43,3400 - Patio de Tanques
NEW,CUMBRA INGENIERÍA S.A.,P22-DA-3400-07-WD-045,"DIAGRAMA DE INTERCONEXIONES BOMBAS DE RECIRCULACIÓN ELECTROLITO ""400-PPC-006""",0,11/08/2026,ELECTRICA,Planos,Planos,Técnicos,Informativo,Ingeniería,11/08/2026 19:45,3400 - Patio de Tanques
NEW,CUMBRA INGENIERÍA S.A.,P22-DA-3400-07-WD-046,"DIAGRAMA DE INTERCONEXIONES BOMBAS DE RECIRCULACIÓN ELECTROLITO ""400-PPC-007""",0,11/08/2026,ELECTRICA,Planos,Planos,Técnicos,Informativo,Ingeniería,11/08/2026 19:46,3400 - Patio de Tanques
NEW,CUMBRA INGENIERÍA S.A.,P22-DA-3400-07-WD-047,"DIAGRAMA DE INTERCONEXIONES BOMBAS DE RECIRCULACIÓN ELECTROLITO ""400-PPC-008""",0,11/08/2026,ELECTRICA,Planos,Planos,Técnicos,Informativo,Ingeniería,11/08/2026 19:47,3400 - Patio de Tanques
NEW,CUMBRA INGENIERÍA S.A.,P22-DA-3400-07-WD-048,"DIAGRAMA DE INTERCONEXIONES BOMBAS DE RECIRCULACIÓN ELECTROLITO ""400-PPC-009""",0,11/08/2026,ELECTRICA,Planos,Planos,Técnicos,Informativo,Ingeniería,11/08/2026 19:48,3400 - Patio de Tanques
NEW,CUMBRA INGENIERÍA S.A.,P22-DA-3400-07-WD-049,"DIAGRAMA DE INTERCONEXIONES BOMBAS DE RECIRCULACIÓN ELECTROLITO ""400-PPC-010""",0,11/08/2026,ELECTRICA,Planos,Planos,Técnicos,Informativo,Ingeniería,11/08/2026 19:50,3400 - Patio de Tanques
NEW,CUMBRA INGENIERÍA S.A.,P22-DA-3400-07-WD-050,"DIAGRAMA DE INTERCONEXIONES BOMBAS DE RECIRCULACIÓN ELECTROLITO ""400-PPC-011""",0,11/08/2026,ELECTRICA,Planos,Planos,Técnicos,Informativo,Ingeniería,11/08/2026 19:52,3400 - Patio de Tanques
NEW,CUMBRA INGENIERÍA S.A.,P22-DA-3400-07-WD-051,"DIAGRAMA DE INTERCONEXIONES BOMBAS ELECTROLITO POBRE TREN A Y B ""400-PPC-012""",0,12/08/2026,ELECTRICA,Planos,Planos,Técnicos,Informativo,Ingeniería,12/08/2026 13:13,3400 - Patio de Tanques
NEW,CUMBRA INGENIERÍA S.A.,P22-DA-3400-07-WD-052,"DIAGRAMA DE INTERCONEXIONES BOMBAS ELECTROLITO POBRE TREN A Y B ""400-PPC-013""",0,12/08/2026,ELECTRICA,Planos,Planos,Técnicos,Informativo,Ingeniería,12/08/2026 13:14,3400 - Patio de Tanques
NEW,CUMBRA INGENIERÍA S.A.,P22-DA-3400-07-WD-053,"DIAGRAMA DE INTERCONEXIONES BOMBAS ELECTROLITO POBRE RETROLAVADO""400-PPC-014""",0,12/08/2026,ELECTRICA,Planos,Planos,Técnicos,Informativo,Ingeniería,12/08/2026 13:14,3400 - Patio de Tanques
NEW,CUMBRA INGENIERÍA S.A.,P22-DA-3400-07-WD-054,"DIAGRAMA DE INTERCONEXIONES BOMBAS ELECTROLITO POBRE RETROLAVADO ""400-PPC-015""",0,12/08/2026,ELECTRICA,Planos,Planos,Técnicos,Informativo,Ingeniería,12/08/2026 13:15,3400 - Patio de Tanques
NEW,CUMBRA INGENIERÍA S.A.,P22-DA-3400-07-WD-055,"DIAGRAMA DE INTERCONEXIONES BOMBAS DE RECIRCULACIÓN ELECTROLITO ""400-PPC-016""",0,12/08/2026,ELECTRICA,Planos,Planos,Técnicos,Informativo,Ingeniería,12/08/2026 13:15,3400 - Patio de Tanques
NEW,CUMBRA INGENIERÍA S.A.,P22-DA-3400-07-WD-056,DIAGRAMA DE INTERCONEXIONES BOMBAS DE RETROLAVADO ETAPAS S “400-PPC-018”,0,12/08/2026,ELECTRICA,Planos,Planos,Técnicos,Informativo,Ingeniería,12/08/2026 13:16,3400 - Patio de Tanques
NEW,CUMBRA INGENIERÍA S.A.,P22-DA-3400-07-WD-057,DIAGRAMA DE INTERCONEXIONES BOMBAS DE RETROLAVADO ETAPAS S “400-PPC-019”,0,12/08/2026,ELECTRICA,Planos,Planos,Técnicos,Informativo,Ingeniería,12/08/2026 13:17,3400 - Patio de Tanques
NEW,CUMBRA INGENIERÍA S.A.,P22-DA-3400-07-WD-058,DIAGRAMA DE INTERCONEXIONES BOMBA TANQUE DE RETENCIÓN “400-PPC-021”,0,12/08/2026,ELECTRICA,Planos,Planos,Técnicos,Informativo,Ingeniería,12/08/2026 13:17,3400 - Patio de Tanques
NEW,CUMBRA INGENIERÍA S.A.,P22-DA-3400-07-WD-059,DIAGRAMA DE INTERCONEXIONES BOMBA TANQUE DE RETENCIÓN “400-PPC-022”,0,12/08/2026,ELECTRICA,Planos,Planos,Técnicos,Informativo,Ingeniería,12/08/2026 13:18,3400 - Patio de Tanques
NEW,CUMBRA INGENIERÍA S.A.,P22-DA-3400-07-WD-060,DIAGRAMA DE INTERCONEXIONES BOMBAS DE ORGÁNICO RECUPERADO “400-PPC-023”,0,12/08/2026,ELECTRICA,Planos,Planos,Técnicos,Informativo,Ingeniería,12/08/2026 13:19,3400 - Patio de Tanques
NEW,CUMBRA INGENIERÍA S.A.,P22-DA-3400-07-WD-061,DIAGRAMA DE INTERCONEXIONES BOMBAS DE ORGÁNICO RECUPERADO “400-PPC-024”,0,12/08/2026,ELECTRICA,Planos,Planos,Técnicos,Informativo,Ingeniería,12/08/2026 13:20,3400 - Patio de Tanques
NEW,CUMBRA INGENIERÍA S.A.,P22-DA-3400-07-WD-062,DIAGRAMA DE INTERCONEXIONES BOMBA DOSIFICACIÓN GUAR “400-PPD-001”,0,12/08/2026,ELECTRICA,Planos,Planos,Técnicos,Informativo,Ingeniería,12/08/2026 17:26,3400 - Patio de Tanques
NEW,CUMBRA INGENIERÍA S.A.,P22-DA-3400-07-WD-063,DIAGRAMA DE INTERCONEXIONES BOMBA DOSIFICACIÓN GUAR “400-PPD-002”,0,12/08/2026,ELECTRICA,Planos,Planos,Técnicos,Informativo,Ingeniería,12/08/2026 17:27,3400 - Patio de Tanques
NEW,CUMBRA INGENIERÍA S.A.,P22-DA-3400-07-WD-064,DIAGRAMA DE INTERCONEXIONES BOMBA DOSIFICACIÓN GUAR “400-PPD-003”,0,12/08/2026,ELECTRICA,Planos,Planos,Técnicos,Informativo,Ingeniería,12/08/2026 17:28,3400 - Patio de Tanques
NEW,CUMBRA INGENIERÍA S.A.,P22-DA-3400-07-WD-065,DIAGRAMA DE INTERCONEXIONES BOMBA DOSIFICACIÓN GUAR “400-PPD-004”,0,12/08/2026,ELECTRICA,Planos,Planos,Técnicos,Informativo,Ingeniería,12/08/2026 17:18,3400 - Patio de Tanques
NEW,CUMBRA INGENIERÍA S.A.,P22-DA-3400-07-WD-066,DIAGRAMA DE INTERCONEXIONES BOMBA DOSIFICACIÓN SULFATO COBALTO “400-PPD-043”,0,12/08/2026,ELECTRICA,Planos,Planos,Técnicos,Informativo,Ingeniería,12/08/2026 17:14,3400 - Patio de Tanques
NEW,CUMBRA INGENIERÍA S.A.,P22-DA-3400-07-WD-067,DIAGRAMA DE INTERCONEXIONES BOMBA DOSIFICACIÓN SULFATO COBALTO “400-PPD-044”,0,12/08/2026,ELECTRICA,Planos,Planos,Técnicos,Informativo,Ingeniería,12/08/2026 17:13,3400 - Patio de Tanques
NEW,CUMBRA INGENIERÍA S.A.,P22-DA-3400-07-WD-068,DIAGRAMA DE INTERCONEXIONES BBA. RECOLECCIÓN ORGÁNICO DRENAJE “400-PPV-001”,0,12/08/2026,ELECTRICA,Planos,Planos,Técnicos,Informativo,Ingeniería,12/08/2026 17:10,3400 - Patio de Tanques
NEW,CUMBRA INGENIERÍA S.A.,P22-DA-3400-07-WD-069,DIAGRAMA DE INTERCONEXIONES BBA. TRANSFERENCIA DRENAJES “400-PPV-003”,0,12/08/2026,ELECTRICA,Planos,Planos,Técnicos,Informativo,Ingeniería,12/08/2026 17:12,3400 - Patio de Tanques
NEW,CUMBRA INGENIERÍA S.A.,P22-DA-3400-07-WD-070,DIAGRAMA DE INTERCONEXIONES AGITADOR TANQUE PREPARACIÓN GUAR “400-AGA-001”,0,12/08/2026,ELECTRICA,Planos,Planos,Técnicos,Informativo,Ingeniería,12/08/2026 17:15,3400 - Patio de Tanques
NEW,CUMBRA INGENIERÍA S.A.,P22-DA-3400-07-WD-071,DIAGRAMA DE INTERCONEXIONES AGITADOR TANQUE DISTRIBUCIÓN GUAR “400-AGA-002”,0,12/08/2026,ELECTRICA,Planos,Planos,Técnicos,Informativo,Ingeniería,12/08/2026 17:13,3400 - Patio de Tanques
NEW,CUMBRA INGENIERÍA S.A.,P22-DA-3400-07-WD-072,DIAGRAMA DE INTERCONEXIONES AGITADOR TANQUE PREP. SULF. COBALTO “400-AGA-003,0,12/08/2026,ELECTRICA,Planos,Planos,Técnicos,Informativo,Ingeniería,12/08/2026 17:14,3400 - Patio de Tanques
NEW,CUMBRA INGENIERÍA S.A.,P22-DA-3400-07-WD-073,DIAGRAMA DE INTERCONEXIONES SOPLADOR FILTRO DE ELECTROLITO “400-FAN-001 “,0,12/08/2026,ELECTRICA,Planos,Planos,Técnicos,Informativo,Ingeniería,12/08/2026 17:15,3400 - Patio de Tanques
NEW,CUMBRA INGENIERÍA S.A.,P22-DA-3400-07-WD-074,DIAGRAMA DE INTERCONEXIONES SOPLADOR FILTRO DE ELECTROLITO “400-FAN-002 “,0,12/08/2026,ELECTRICA,Planos,Planos,Técnicos,Informativo,Ingeniería,12/08/2026 17:17,3400 - Patio de Tanques
NEW,CUMBRA INGENIERÍA S.A.,P22-DA-3400-07-WD-075,DIAGRAMA DE INTERCONEXIONES ALIMENTADOR GUAR A TANQUE PREP. “400-CVS-001 “,0,12/08/2026,ELECTRICA,Planos,Planos,Técnicos,Informativo,Ingeniería,12/08/2026 17:21,3400 - Patio de Tanques
NEW,CUMBRA INGENIERÍA S.A.,P22-DA-3400-07-WD-076,DIAGRAMA DE INTERCONEXIONES TORNILLO ALIMENTACIÓN COBALTO “400-CVS-002”,0,12/08/2026,ELECTRICA,Planos,Planos,Técnicos,Informativo,Ingeniería,12/08/2026 17:21,3400 - Patio de Tanques
NEW,CUMBRA INGENIERÍA S.A.,P22-DA-3400-07-WD-077,DIAGRAMA DE INTERCONEXIONES BOMBA DE AGUA ACIDA “400-PPC-050”,0,12/08/2026,ELECTRICA,Planos,Planos,Técnicos,Informativo,Ingeniería,12/08/2026 17:22,3400 - Patio de Tanques
NEW,CUMBRA INGENIERÍA S.A.,P22-DA-3400-07-WD-078,DIAGRAMA DE INTERCONEXIONES BOMBA DE AGUA ACIDA “400-PPC-051”,0,12/08/2026,ELECTRICA,Planos,Planos,Técnicos,Informativo,Ingeniería,12/08/2026 17:23,3400 - Patio de Tanques
NEW,CUMBRA INGENIERÍA S.A.,P22-DA-3500-07-GL-001,DISPOSICIÓN DE SISTEMA DE PUESTA A TIERRA OBRAS TEMPRANAS,0,18/03/2026,ELECTRICA,Planos,Planos,Técnicos,Revisado y Validado,Ingeniería,18/03/2026 10:55,3500 - Depositación Electrolítica
NEW,CUMBRA INGENIERÍA S.A.,P22-DA-3500-07-GL-002,MALLA DE TIERRA SUBESTACIÓN 500-XFU-001 Y SALA ELÉCTRICA 500-ERC-001,0,15/07/2026,ELECTRICA,Planos,Planos,Técnicos,Informativo,Ingeniería,15/07/2026 12:22,3500 - Depositación Electrolítica
NEW,CUMBRA INGENIERÍA S.A.,P22-DA-3500-07-GL-003,PUESTA A TIERRA PARA SISTEMA DE RECTIFICACIÓN - SECTOR 1 Y 2,0,15/07/2026,ELECTRICA,Planos,Planos,Técnicos,Revisado y Validado,Ingeniería,15/07/2026 12:23,3500 - Depositación Electrolítica
NEW,CUMBRA INGENIERÍA S.A.,P22-DA-3500-07-GL-004,PUESTA A TIERRA PARA SISTEMA DE RECTIFICACIÓN - SECTOR 3 Y 4,0,15/07/2026,ELECTRICA,Planos,Planos,Técnicos,Revisado y Validado,Ingeniería,15/07/2026 12:24,3500 - Depositación Electrolítica
NEW,CUMBRA INGENIERÍA S.A.,P22-DA-3500-07-LL-005,SSEE 500-XFU-001 Y SALA ELÉCTRICA 500-ERC-001 - DISTRIBUCIÓN DE ALUMBRADO - PLANTA,B,31/07/2026,ELECTRICA,Planos,Planos,Técnicos,Revisión de SPCC,Ingeniería,03/08/2026 09:11,3500 - Depositación Electrolítica
NEW,CUMBRA INGENIERÍA S.A.,P22-DA-3500-07-LL-006,SSEE 500-XFU-001 Y SALA ELÉCTRICA 500-ERC-001 - DISTRIBUCIÓN DE ALUMBRADO - SECCIONES,B,31/07/2026,ELECTRICA,Planos,Planos,Técnicos,Revisión de SPCC,Ingeniería,03/08/2026 09:12,3500 - Depositación Electrolítica
NEW,CUMBRA INGENIERÍA S.A.,P22-DA-3500-07-LL-007,ÁREA PARA EQUIPOS DEL SISTEMA DE RECTIFICACIÓN 1 - DISTRIBUCIÓN DE ALUMBRADO - PLANTA,B,31/07/2026,ELECTRICA,Planos,Planos,Técnicos,Revisión de SPCC,Ingeniería,03/08/2026 01:37,3500 - Depositación Electrolítica
NEW,CUMBRA INGENIERÍA S.A.,P22-DA-3500-07-LL-008,ÁREA PARA EQUIPOS DEL SISTEMA DE RECTIFICACIÓN 1  - DISTRIBUCIÓN DE ALUMBRADO - SECCIONES,B,31/07/2026,ELECTRICA,Planos,Planos,Técnicos,Revisión de SPCC,Ingeniería,03/08/2026 01:38,3500 - Depositación Electrolítica
NEW,CUMBRA INGENIERÍA S.A.,P22-DA-3500-07-LL-009,ÁREA PARA EQUIPOS DEL SISTEMA DE RECTIFICACIÓN 2  - DISTRIBUCIÓN DE ALUMBRADO - PLANTA,B,31/07/2026,ELECTRICA,Planos,Planos,Técnicos,Revisión de SPCC,Ingeniería,03/08/2026 01:38,3500 - Depositación Electrolítica
NEW,CUMBRA INGENIERÍA S.A.,P22-DA-3500-07-LL-010,ÁREA PARA EQUIPOS DEL SISTEMA DE RECTIFICACIÓN 2 - DISTRIBUCIÓN DE ALUMBRADO - SECCIONES,B,31/07/2026,ELECTRICA,Planos,Planos,Técnicos,Revisión de SPCC,Ingeniería,03/08/2026 01:39,3500 - Depositación Electrolítica
NEW,CUMBRA INGENIERÍA S.A.,P22-DA-3500-07-LY-001,DISPOSICIÓN DE EQUIPOS SALA ELÉCTRICA 500-ERC-001 - PLANTA,0,30/04/2026,ELECTRICA,Planos,Planos,Técnicos,Revisado y Validado,Ingeniería,02/05/2026 20:04,3500 - Depositación Electrolítica
NEW,CUMBRA INGENIERÍA S.A.,P22-DA-3500-07-LY-002,DISPOSICIÓN DE EQUIPOS SALA ELÉCTRICA 500-ERC-001 - SECCIONES,0,30/04/2026,ELECTRICA,Planos,Planos,Técnicos,Revisado sin Comentarios,Ingeniería,04/05/2026 11:12,3500 - Depositación Electrolítica
NEW,CUMBRA INGENIERÍA S.A.,P22-DA-3500-07-LY-003,DISPOSICIÓN DE EQUIPOS SISTEMA DE RECTIFICACIÓN N°1  - PLANTA Y SECCIONES,0,13/08/2026,ELECTRICA,Planos,Planos,Técnicos,Construcción,Ingeniería,13/08/2026 15:21,3500 - Depositación Electrolítica
NEW,CUMBRA INGENIERÍA S.A.,P22-DA-3500-07-LY-004,DISPOSICIÓN DE EQUIPOS SISTEMA DE RECTIFICACIÓN N°2  - PLANTA Y SECCIONES,0,13/08/2026,ELECTRICA,Planos,Planos,Técnicos,Construcción,Ingeniería,13/08/2026 15:22,3500 - Depositación Electrolítica
NEW,CUMBRA INGENIERÍA S.A.,P22-DA-3500-07-LY-005,CANALIZACIÓN FUERZA Y CONTROL - BANCO DUCTOS - PLANTA,A,27/03/2026,ELECTRICA,Planos,Planos,Técnicos,Revisión Interna,Ingeniería,30/03/2026 10:15,3500 - Depositación Electrolítica
NEW,CUMBRA INGENIERÍA S.A.,P22-DA-3500-07-LY-006,CANALIZACIÓN FUERZA Y CONTROL - BANCO DUCTOS - SECCIONES Y DETALLES (1 DE 2),A,27/03/2026,ELECTRICA,Planos,Planos,Técnicos,Revisión Interna,Ingeniería,30/03/2026 08:48,3500 - Depositación Electrolítica
NEW,CUMBRA INGENIERÍA S.A.,P22-DA-3500-07-LY-007,CANALIZACIÓN FUERZA Y CONTROL - BANCO DUCTOS - SECCIONES Y DETALLES (2 DE 2),A,27/03/2026,ELECTRICA,Planos,Planos,Técnicos,Revisión Interna,Ingeniería,30/03/2026 08:49,3500 - Depositación Electrolítica
NEW,CUMBRA INGENIERÍA S.A.,P22-DA-3500-07-LY-008,DESARROLLO DE BUZONES ELÉCTRICOS (1 DE 2),A,01/04/2026,ELECTRICA,Planos,Planos,Técnicos,Revisión Interna,Ingeniería,01/04/2026 19:15,3500 - Depositación Electrolítica
NEW,CUMBRA INGENIERÍA S.A.,P22-DA-3500-07-LY-009,SALA ELÉCTRICA 500-ERC-001 - CANALIZACIONES ELÉCTRICAS DE FUERZA Y CONTROL - PLANTA NIVEL 1 Y AZOTEA,B,07/08/2026,ELECTRICA,Planos,Planos,Técnicos,Revisión de SPCC,Ingeniería,07/08/2026 17:05,3500 - Depositación Electrolítica
NEW,CUMBRA INGENIERÍA S.A.,P22-DA-3500-07-LY-010,SALA ELÉCTRICA 500-ERC-001 - CANALIZACIONES ELÉCTRICAS DE FUERZA Y CONTROL - SECCIONES Y DETALLES - NIVEL 1 Y AZOTEA,B,10/08/2026,ELECTRICA,Planos,Planos,Técnicos,Revisión de SPCC,Ingeniería,10/08/2026 17:21,3500 - Depositación Electrolítica
NEW,CUMBRA INGENIERÍA S.A.,P22-DA-3500-07-LY-011,SALA ELÉCTRICA 500-ERC-001 - CANALIZACIONES ELÉCTRICAS DE FUERZA Y CONTROL - PLANTA SÓTANO,B,04/08/2026,ELECTRICA,Planos,Planos,Técnicos,Revisión de SPCC,Ingeniería,04/08/2026 14:23,3500 - Depositación Electrolítica
NEW,CUMBRA INGENIERÍA S.A.,P22-DA-3500-07-LY-012,SALA ELÉCTRICA 500-ERC-001 - CANALIZACIONES ELÉCTRICAS DE FUERZA Y CONTROL- SECCIONES Y DETALLES - SÓTANO,B,04/08/2026,ELECTRICA,Planos,Planos,Técnicos,Revisión de SPCC,Ingeniería,04/08/2026 14:24,3500 - Depositación Electrolítica
NEW,CUMBRA INGENIERÍA S.A.,P22-DA-3500-07-LY-013,ÁREA DE CELDAS SECTOR 1 Y 2 - CANALIZACIÓN FUERZA Y CONTROL - PLANTA,A,12/08/2026,ELECTRICA,Planos,Planos,Técnicos,Revisión Interna,Ingeniería,12/08/2026 14:35,3500 - Depositación Electrolítica
NEW,CUMBRA INGENIERÍA S.A.,P22-DA-3500-07-LY-014,ÁREA DE CELDAS SECTOR 1 Y 2 - CANALIZACIÓN FUERZA Y CONTROL - SECCIONES Y DETALLES,A,12/08/2026,ELECTRICA,Planos,Planos,Técnicos,Revisión Interna,Ingeniería,12/08/2026 14:36,3500 - Depositación Electrolítica
NEW,CUMBRA INGENIERÍA S.A.,P22-DA-3500-07-LY-015,ÁREA DE CELDAS SECTOR CENTRAL - CANALIZACIÓN FUERZA Y CONTROL - PLANTA,A,19/08/2026,ELECTRICA,Planos,Planos,Técnicos,Revisión Interna,Ingeniería,19/08/2026 15:18,3500 - Depositación Electrolítica
NEW,CUMBRA INGENIERÍA S.A.,P22-DA-3500-07-LY-021,DISPOSICIÓN DE EQUIPOS SALA ELÉCTRICA 500-ERC-001 - SECCIONES,0,12/05/2026,ELECTRICA,Planos,Planos,Técnicos,Revisado y Validado,Ingeniería,12/05/2026 09:27,3500 - Depositación Electrolítica
NEW,CUMBRA INGENIERÍA S.A.,P22-DA-3500-07-LY-022,ÁREA DE CELDAS SECTOR CENTRAL - CANALIZACIÓN FUERZA Y CONTROL - SECCIONES Y DETALLES,A,19/08/2026,ELECTRICA,Planos,Planos,Técnicos,Revisión Interna,Ingeniería,19/08/2026 15:19,3500 - Depositación Electrolítica
NEW,CUMBRA INGENIERÍA S.A.,P22-DA-3500-07-LY-026,ÁREA DE CELDAS SECTOR 3 Y 4 - CANALIZACIÓN FUERZA Y CONTROL - PLANTA,A,12/08/2026,ELECTRICA,Planos,Planos,Técnicos,Revisión Interna,Ingeniería,12/08/2026 11:56,3500 - Depositación Electrolítica
NEW,CUMBRA INGENIERÍA S.A.,P22-DA-3500-07-LY-027,ÁREA DE CELDAS SECTOR 3 Y 4 - CANALIZACIÓN FUERZA Y CONTROL - SECCIONES Y DETALLES,A,12/08/2026,ELECTRICA,Planos,Planos,Técnicos,Revisión Interna,Ingeniería,12/08/2026 11:57,3500 - Depositación Electrolítica
NEW,CUMBRA INGENIERÍA S.A.,P22-DA-3500-07-SD-002,DIAGRAMA UNIFILAR CCM 500-MCL-001 (1 DE 2),E,17/08/2026,ELECTRICA,Planos,Planos,Técnicos,Revisión de SPCC,Ingeniería,17/08/2026 20:06,3500 - Depositación Electrolítica
NEW,CUMBRA INGENIERÍA S.A.,P22-DA-3500-07-SD-003,DIAGRAMA UNIFILAR CCM 500-MCL-001 (2 DE 2),E,17/08/2026,ELECTRICA,Planos,Planos,Técnicos,Revisión de SPCC,Ingeniería,17/08/2026 20:07,3500 - Depositación Electrolítica
NEW,CUMBRA INGENIERÍA S.A.,P22-DA-3500-07-SD-004,DIAGRAMA UNIFILAR TABLERO 500-DPD-001,B,20/07/2026,ELECTRICA,Planos,Planos,Técnicos,Revisado sin Comentarios,Ingeniería,21/07/2026 10:35,3500 - Depositación Electrolítica
NEW,CUMBRA INGENIERÍA S.A.,P22-DA-3500-07-SD-007,DIAGRAMA UNIFILAR CCM 500-MCL-002,E,17/08/2026,ELECTRICA,Planos,Planos,Técnicos,Revisión de SPCC,Ingeniería,17/08/2026 20:09,3500 - Depositación Electrolítica
NEW,CUMBRA INGENIERÍA S.A.,P22-DA-3500-07-SD-010,DIAGRAMA UNIFILAR TABLERO 500-DPA-001,B,23/01/2026,ELECTRICA,Planos,Planos,Técnicos,Informativo,Ingeniería,23/01/2026 12:42,3500 - Depositación Electrolítica
NEW,CUMBRA INGENIERÍA S.A.,P22-DA-3500-07-SD-011,DIAGRAMA UNIFILAR TABLERO 500-LPA-001,B,23/01/2026,ELECTRICA,Planos,Planos,Técnicos,Informativo,Ingeniería,23/01/2026 12:43,3500 - Depositación Electrolítica
NEW,CUMBRA INGENIERÍA S.A.,P22-DA-3500-07-SD-012,DIAGRAMA UNIFILAR SWITCHGEAR 23 kV 500-SGM-01 (1 DE 2),0,05/02/2026,ELECTRICA,Planos,Planos,Técnicos,Revisado y Validado,Ingeniería,05/02/2026 13:12,3500 - Depositación Electrolítica
NEW,CUMBRA INGENIERÍA S.A.,P22-DA-3500-07-SD-013,DIAGRAMA UNIFILAR SWITCHGEAR 23 kV 500-SGM-01 (2 DE 2),0,05/02/2026,ELECTRICA,Planos,Planos,Técnicos,Revisado y Validado,Ingeniería,05/02/2026 16:11,3500 - Depositación Electrolítica
NEW,CUMBRA INGENIERÍA S.A.,P22-DA-3500-07-SD-017,DIAGRAMA UNIFILAR SWITCHGEAR 500-SGL-001,1,22/06/2026,ELECTRICA,Planos,Planos,Técnicos,Revisado con Comentarios,Ingeniería,22/06/2026 15:11,3500 - Depositación Electrolítica
NEW,CUMBRA INGENIERÍA S.A.,P22-DA-3500-07-WD-001,DIAGRAMA ESQUEMÁTICO DE CONTROL VENTILADOR EXTRACCIÓN CENTRÍFUGO “500-FAN-001”,0,13/08/2026,ELECTRICA,Planos,Planos,Técnicos,Informativo,Ingeniería,13/08/2026 15:29,3500 - Depositación Electrolítica
NEW,CUMBRA INGENIERÍA S.A.,P22-DA-3500-07-WD-002,"DIAGRAMA ESQUEMÁTICO DE CONTROL MOTOR BOMBA DE AGUA DESALINIZADA ""500-PPC-009-M""",0,13/08/2026,ELECTRICA,Planos,Planos,Técnicos,Informativo,Ingeniería,13/08/2026 15:30,3500 - Depositación Electrolítica
NEW,CUMBRA INGENIERÍA S.A.,P22-DA-3500-07-WD-003,DIAGRAMA ESQUEMÁTICO DE CONTROL VENTILADOR EXTRACCIÓN CENTRÍFUGO “500-FAN-002”,0,13/08/2026,ELECTRICA,Planos,Planos,Técnicos,Informativo,Ingeniería,13/08/2026 15:31,3500 - Depositación Electrolítica
NEW,CUMBRA INGENIERÍA S.A.,P22-DA-3500-07-WD-004,"DIAGRAMA ESQUEMÁTICO DE CONTROL MOTOR BOMBA DE AGUA DESALINIZADA ""500-PPC-010-M""",0,13/08/2026,ELECTRICA,Planos,Planos,Técnicos,Informativo,Ingeniería,13/08/2026 15:32,3500 - Depositación Electrolítica
NEW,CUMBRA INGENIERÍA S.A.,P22-DA-3500-07-WD-005,DIAGRAMA ESQUEMÁTICO DE CONTROL VENTILADOR EXTRACCIÓN CENTRÍFUGO “500-FAN-003”,0,13/08/2026,ELECTRICA,Planos,Planos,Técnicos,Informativo,Ingeniería,13/08/2026 15:32,3500 - Depositación Electrolítica
NEW,CUMBRA INGENIERÍA S.A.,P22-DA-3500-07-WD-007,DIAGRAMA ESQUEMÁTICO DE CONTROL VENTILADOR EXTRACCIÓN CENTRÍFUGO “500-FAN-004”,0,13/08/2026,ELECTRICA,Planos,Planos,Técnicos,Informativo,Ingeniería,13/08/2026 15:38,3500 - Depositación Electrolítica
NEW,CUMBRA INGENIERÍA S.A.,P22-DA-3500-07-WD-009,DIAGRAMA ESQUEMÁTICO DE CONTROL BOMBA AGUA DESMINERALIZADA “500- PPC-005”,0,13/08/2026,ELECTRICA,Planos,Planos,Técnicos,Informativo,Ingeniería,13/08/2026 15:39,3500 - Depositación Electrolítica
NEW,CUMBRA INGENIERÍA S.A.,P22-DA-3500-07-WD-010,DIAGRAMA ESQUEMÁTICO DE CONTROL BOMBA AGUA DESMINERALIZADA “500- PPC-006”,0,13/08/2026,ELECTRICA,Planos,Planos,Técnicos,Informativo,Ingeniería,13/08/2026 15:40,3500 - Depositación Electrolítica
NEW,CUMBRA INGENIERÍA S.A.,P22-DA-3500-07-WD-011,DIAGRAMA ESQUEMÁTICO DE CONTROL BOMBA AGUA DESMINERALIZADA “500- PPC-007”,0,13/08/2026,ELECTRICA,Planos,Planos,Técnicos,Informativo,Ingeniería,13/08/2026 15:53,3500 - Depositación Electrolítica
NEW,CUMBRA INGENIERÍA S.A.,P22-DA-3500-07-WD-012,DIAGRAMA ESQUEMÁTICO DE CONTROL BOMBA AGUA DESMINERALIZADA “500- PPC-008”,0,13/08/2026,ELECTRICA,Planos,Planos,Técnicos,Informativo,Ingeniería,13/08/2026 15:41,3500 - Depositación Electrolítica
NEW,CUMBRA INGENIERÍA S.A.,P22-DA-3500-07-WD-013,DIAGRAMA DE INTERCONEXIONES VENTILADOR EXTRACCIÓN CENTRÍFUGO “500-FAN-001”,0,13/08/2026,ELECTRICA,Planos,Planos,Técnicos,Informativo,Ingeniería,13/08/2026 15:43,3500 - Depositación Electrolítica
NEW,CUMBRA INGENIERÍA S.A.,P22-DA-3500-07-WD-014,"DIAGRAMA DE INTERCONEXIONES MOTOR BOMBA DE AGUA DESALINIZADA ""500-PPC-009-M""",0,13/08/2026,ELECTRICA,Planos,Planos,Técnicos,Informativo,Ingeniería,13/08/2026 15:44,3500 - Depositación Electrolítica
NEW,CUMBRA INGENIERÍA S.A.,P22-DA-3500-07-WD-015,DIAGRAMA DE INTERCONEXIONES VENTILADOR EXTRACCIÓN CENTRÍFUGO “500-FAN-002”,0,13/08/2026,ELECTRICA,Planos,Planos,Técnicos,Informativo,Ingeniería,13/08/2026 15:45,3500 - Depositación Electrolítica
NEW,CUMBRA INGENIERÍA S.A.,P22-DA-3500-07-WD-016,"DIAGRAMA DE INTERCONEXIONES MOTOR BOMBA DE AGUA DESALINIZADA ""500-PPC-010-M""",0,13/08/2026,ELECTRICA,Planos,Planos,Técnicos,Informativo,Ingeniería,13/08/2026 15:47,3500 - Depositación Electrolítica
NEW,CUMBRA INGENIERÍA S.A.,P22-DA-3500-07-WD-017,DIAGRAMA DE INTERCONEXIONES VENTILADOR EXTRACCIÓN CENTRÍFUGO “500-FAN-003”,0,13/08/2026,ELECTRICA,Planos,Planos,Técnicos,Informativo,Ingeniería,13/08/2026 15:48,3500 - Depositación Electrolítica
NEW,CUMBRA INGENIERÍA S.A.,P22-DA-3500-07-WD-019,DIAGRAMA DE INTERCONEXIONES VENTILADOR EXTRACCIÓN CENTRÍFUGO “500-FAN-004”,0,13/08/2026,ELECTRICA,Planos,Planos,Técnicos,Informativo,Ingeniería,13/08/2026 15:48,3500 - Depositación Electrolítica
NEW,CUMBRA INGENIERÍA S.A.,P22-DA-3500-07-WD-021,DIAGRAMA DE INTERCONEXIONES BOMBA DE AGUA DESMINERALIZADA “500-PPC-005”,0,13/08/2026,ELECTRICA,Planos,Planos,Técnicos,Informativo,Ingeniería,13/08/2026 15:49,3500 - Depositación Electrolítica
NEW,CUMBRA INGENIERÍA S.A.,P22-DA-3500-07-WD-022,DIAGRAMA DE INTERCONEXIONES BOMBA DE AGUA DESMINERALIZADA “500-PPC-006”,0,13/08/2026,ELECTRICA,Planos,Planos,Técnicos,Informativo,Ingeniería,13/08/2026 15:50,3500 - Depositación Electrolítica
NEW,CUMBRA INGENIERÍA S.A.,P22-DA-3500-07-WD-023,DIAGRAMA DE INTERCONEXIONES BOMBA DE AGUA DESMINERALIZADA “500-PPC-007”,0,13/08/2026,ELECTRICA,Planos,Planos,Técnicos,Informativo,Ingeniería,13/08/2026 15:51,3500 - Depositación Electrolítica
NEW,CUMBRA INGENIERÍA S.A.,P22-DA-3500-07-WD-024,DIAGRAMA DE INTERCONEXIONES BOMBA DE AGUA DESMINERALIZADA “500-PPC-008”,0,13/08/2026,ELECTRICA,Planos,Planos,Técnicos,Informativo,Ingeniería,13/08/2026 15:52,3500 - Depositación Electrolítica
NEW,CUMBRA INGENIERÍA S.A.,P22-DA-3641-07-SD-001,DIAGRAMA UNIFILAR TABLERO DE BAJA TENSIÓN 3641-SBL-001,A,26/01/2026,ELECTRICA,Planos,Planos,Técnicos,Revisión Interna,Ingeniería,26/01/2026 16:28,3641 - Edificio de Operaciones (Área Húmeda / LESDE)
NEW,CUMBRA INGENIERÍA S.A.,P22-DA-3641-07-SD-002,DIAGRAMA UNIFILAR TABLERO 3641-DPA-001,A,26/01/2026,ELECTRICA,Planos,Planos,Técnicos,Revisión Interna,Ingeniería,26/01/2026 16:34,3641 - Edificio de Operaciones (Área Húmeda / LESDE)
NEW,CUMBRA INGENIERÍA S.A.,P22-DA-3641-07-SD-003,DIAGRAMA UNIFILAR TABLERO 3641-LPA-001,A,26/01/2026,ELECTRICA,Planos,Planos,Técnicos,Revisión Interna,Ingeniería,26/01/2026 16:35,3641 - Edificio de Operaciones (Área Húmeda / LESDE)
NEW,CUMBRA INGENIERÍA S.A.,P22-DA-3660-07-SD-001,Diagrama Unifilar - General,A,18/08/2026,ELECTRICA,Planos,Planos,Técnicos,Revisión Interna,Ingeniería,18/08/2026 14:25,3660 - Laboratorio
NEW,CUMBRA INGENIERÍA S.A.,P22114-DA-0300-07-DS-002,"Hoja de Datos - Sala Eléctrica Prefabricada, TAG: 300-ERS-002",B,28/11/2025,ELECTRICA,Hoja de Datos,Documentos,Técnicos,Revisado con Comentarios,Ingeniería,01/12/2025 08:30,
NEW,CUMBRA INGENIERÍA S.A.,P22114-DA-0300-07-DS-019,Hoja de Datos - Variador de Frecuencia BT - TAG: 300-AGA-202-V,B,05/12/2025,ELECTRICA,Hoja de Datos,Documentos,Técnicos,Revisado con Comentarios,Ingeniería,05/12/2025 16:00,
NEW,CUMBRA INGENIERÍA S.A.,P22114-DA-0300-07-DS-029,Hoja de Datos - Variador de Frecuencia BT - TAG: 300-AGA-101-V,B,05/12/2025,ELECTRICA,Hoja de Datos,Documentos,Técnicos,Revisado con Comentarios,Ingeniería,05/12/2025 16:02,
NEW,CUMBRA INGENIERÍA S.A.,P22114-DA-0300-07-DS-034,Hoja de Datos - Variador de Frecuencia BT - TAG: 300-AGA-201-V,B,05/12/2025,ELECTRICA,Hoja de Datos,Documentos,Técnicos,Revisado con Comentarios,Ingeniería,05/12/2025 16:04,
NEW,CUMBRA INGENIERÍA S.A.,P22114-DA-0300-07-DS-039,Hoja de Datos - Variador de Frecuencia BT - TAG: 300-PPC-101-V,B,05/12/2025,ELECTRICA,Hoja de Datos,Documentos,Técnicos,Revisado con Comentarios,Ingeniería,05/12/2025 16:06,
NEW,CUMBRA INGENIERÍA S.A.,P22114-DA-0300-07-DS-042,Hoja de Datos - Variador de Frecuencia BT - TAG: 300-PPC-201-V,B,05/12/2025,ELECTRICA,Hoja de Datos,Documentos,Técnicos,Revisado con Comentarios,Ingeniería,05/12/2025 18:27,
NEW,CUMBRA INGENIERÍA S.A.,P22114-DA-0300-07-DS-045,Hoja de Datos - Variador de Frecuencia BT - TAG: 300-PPC-104-V,B,05/12/2025,ELECTRICA,Hoja de Datos,Documentos,Técnicos,Revisado con Comentarios,Ingeniería,05/12/2025 16:15,
NEW,CUMBRA INGENIERÍA S.A.,P22114-DA-0300-07-DS-047,Hoja de Datos - Variador de Frecuencia BT - TAG: 300-PPC-204-V,B,05/12/2025,ELECTRICA,Hoja de Datos,Documentos,Técnicos,Revisado con Comentarios,Ingeniería,05/12/2025 16:17,
NEW,CUMBRA INGENIERÍA S.A.,P22114-DA-0300-07-DS-049,Hoja de Datos - Variador de Frecuencia BT - TAG: 300-PPC-106-V,B,05/12/2025,ELECTRICA,Hoja de Datos,Documentos,Técnicos,Revisado con Comentarios,Ingeniería,05/12/2025 16:19,
NEW,CUMBRA INGENIERÍA S.A.,P22114-DA-0300-07-DS-051,Hoja de Datos - Variador de Frecuencia BT - TAG: 300-PPC-206-V,B,05/12/2025,ELECTRICA,Hoja de Datos,Documentos,Técnicos,Revisado con Comentarios,Ingeniería,05/12/2025 16:23,
NEW,CUMBRA INGENIERÍA S.A.,P22114-DA-0300-07-DS-054,"Hoja de Datos - Transformador Seco de Distribución, TAG: 300-XFD-002",B,27/11/2025,ELECTRICA,Hoja de Datos,Documentos,Técnicos,Revisado con Comentarios,Ingeniería,27/11/2025 17:10,
NEW,CUMBRA INGENIERÍA S.A.,P22114-DA-0300-07-DS-056,"Hoja de Datos - Tablero de Distribución, TAG: 300-DPA-002",B,01/12/2025,ELECTRICA,Hoja de Datos,Documentos,Técnicos,Revisado con Comentarios,Ingeniería,01/12/2025 16:02,
NEW,CUMBRA INGENIERÍA S.A.,P22114-DA-0300-07-DS-058,"Hoja de Datos - Tablero de Distribución, TAG: 300-SBL-002",B,01/12/2025,ELECTRICA,Hoja de Datos,Documentos,Técnicos,Revisado con Comentarios,Ingeniería,01/12/2025 16:03,
NEW,CUMBRA INGENIERÍA S.A.,P22114-DA-0300-07-DS-060,"Hoja de Datos - Tablero de Distribución, TAG: 300-LPA-002",B,01/12/2025,ELECTRICA,Hoja de Datos,Documentos,Técnicos,Revisado con Comentarios,Ingeniería,01/12/2025 16:06,
NEW,CUMBRA INGENIERÍA S.A.,P22114-DA-0300-07-DS-062,"Hoja de Datos - Sistema UPS, TAG: 300-UPS-002",B,03/12/2025,ELECTRICA,Hoja de Datos,Documentos,Técnicos,Revisado con Comentarios,Ingeniería,04/12/2025 11:19,
NEW,CUMBRA INGENIERÍA S.A.,P22114-DA-0400-07-DS-010,Hoja de Datos - Variador de Frecuencia BT - TAG: 400-PPC-012-V,B,05/12/2025,ELECTRICA,Hoja de Datos,Documentos,Técnicos,Revisado con Comentarios,Ingeniería,05/12/2025 17:13,
NEW,CUMBRA INGENIERÍA S.A.,P22114-DA-0400-07-DS-013,Hoja de Datos - Variador de Frecuencia BT - TAG: 400-PPC-004-V,B,05/12/2025,ELECTRICA,Hoja de Datos,Documentos,Técnicos,Revisado con Comentarios,Ingeniería,05/12/2025 17:15,
NEW,CUMBRA INGENIERÍA S.A.,P22114-DA-0400-07-DS-021,Hoja de Datos - Variador de Frecuencia BT - TAG: 400-PPD-001-V,B,05/12/2025,ELECTRICA,Hoja de Datos,Documentos,Técnicos,Revisado con Comentarios,Ingeniería,05/12/2025 17:18,
NEW,CUMBRA INGENIERÍA S.A.,P22114-DA-0400-07-DS-025,Hoja de Datos - Variador de Frecuencia BT - TAG: 400-PPD-043-V,B,05/12/2025,ELECTRICA,Hoja de Datos,Documentos,Técnicos,Revisado con Comentarios,Ingeniería,05/12/2025 17:23,
NEW,CUMBRA INGENIERÍA S.A.,P22114-DA-0400-07-DS-027,Hoja de Datos - Variador de Frecuencia BT - TAG: 400-PPC-015-V,B,05/12/2025,ELECTRICA,Hoja de Datos,Documentos,Técnicos,Revisado con Comentarios,Ingeniería,05/12/2025 17:26,
NEW,CUMBRA INGENIERÍA S.A.,P22114-DA-0500-07-DS-015,Hoja de Datos - Variador de Frecuencia BT - TAG: 500-PPC-007-V,B,05/12/2025,ELECTRICA,Hoja de Datos,Documentos,Técnicos,Revisado con Comentarios,Ingeniería,05/12/2025 17:29,
NEW,CUMBRA INGENIERÍA S.A.,P22114-DA-0500-07-DS-017,Hoja de Datos - Variador de Frecuencia BT - TAG: 500-FAN-001-V,B,05/12/2025,ELECTRICA,Hoja de Datos,Documentos,Técnicos,Revisado con Comentarios,Ingeniería,05/12/2025 17:31,
NEW,CUMBRA INGENIERÍA S.A.,P22114-DA-0500-07-DS-023,"Hoja de Datos - Tablero de Distribución, TAG: 500-DPA-002",B,01/12/2025,ELECTRICA,Hoja de Datos,Documentos,Técnicos,Revisado con Comentarios,Ingeniería,02/12/2025 08:46,
NEW,CUMBRA INGENIERÍA S.A.,P22114-DA-0500-07-DS-024,"Hoja de Datos - Tablero de Distribución, TAG: 500-SBL-001",B,01/12/2025,ELECTRICA,Hoja de Datos,Documentos,Técnicos,Revisado con Comentarios,Ingeniería,02/12/2025 08:47,
NEW,CUMBRA INGENIERÍA S.A.,P22114-DA-0500-07-DS-025,"Hoja de Datos - Tablero de Distribución, TAG: 500-SBL-002",B,01/12/2025,ELECTRICA,Hoja de Datos,Documentos,Técnicos,Revisado con Comentarios,Ingeniería,02/12/2025 08:48,
NEW,CUMBRA INGENIERÍA S.A.,P22114-DA-0500-07-DS-027,"Hoja de Datos - Tablero de Distribución, TAG: 500-LPA-002",B,01/12/2025,ELECTRICA,Hoja de Datos,Documentos,Técnicos,Revisado con Comentarios,Ingeniería,02/12/2025 08:50,
NEW,CUMBRA INGENIERÍA S.A.,P22114-DA-3000-07-CL-001,Listado de Circuitos Eléctricos,B,14/07/2026,ELECTRICA,Lista,Documentos,Técnicos,Revisión de SPCC,Ingeniería,14/07/2026 18:23,3000 - Área Húmeda - General
NEW,CUMBRA INGENIERÍA S.A.,P22114-DA-3000-07-DC-001,Criterios de Diseño - Electricidad,0,20/01/2026,ELECTRICA,Criterios de Diseño,Documentos,Técnicos,Revisado y Validado,Ingeniería,20/01/2026 19:13,
NEW,CUMBRA INGENIERÍA S.A.,P22114-DA-3000-07-EL-001,Listado de Equipos Eléctricos,B,01/07/2026,ELECTRICA,Lista,Documentos,Técnicos,Revisión de SPCC,Ingeniería,01/07/2026 15:32,3000 - Área Húmeda - General
NEW,CUMBRA INGENIERÍA S.A.,P22114-DA-3000-07-ER-001,REQUISICIÓN DE EQUIPOS – SALAS ELÉCTRICAS PREFABRICADAS,0,24/02/2026,ELECTRICA,Requisición,Documentos,Técnicos,Revisado y Validado,Ingeniería,24/02/2026 17:21,3000 - Área Húmeda - General
NEW,CUMBRA INGENIERÍA S.A.,P22114-DA-3000-07-ER-002,Requisición de Equipos - Switchgear 23 kV,0,05/02/2026,ELECTRICA,Requisición,Documentos,Técnicos,Revisado y Validado,Ingeniería,05/02/2026 19:36,3000 - Área Húmeda - General
NEW,CUMBRA INGENIERÍA S.A.,P22114-DA-3000-07-ER-003,Requisición de Equipos - Subestaciones Unitarias 23/0.48 kV,0,25/02/2026,ELECTRICA,Requisición,Documentos,Técnicos,Revisado y Validado,Ingeniería,25/02/2026 12:10,3000 - Área Húmeda - General
NEW,CUMBRA INGENIERÍA S.A.,P22114-DA-3000-07-ER-004,REQUISICIÓN DE EQUIPOS - SISTEMA DE RECTIFICACIÓN AC/DC,0,06/03/2026,ELECTRICA,Requisición,Documentos,Técnicos,Revisado y Validado,Ingeniería,06/03/2026 17:15,3000 - Área Húmeda - General
NEW,CUMBRA INGENIERÍA S.A.,P22114-DA-3000-07-ER-005,Requisición de Equipos - Switchgear de Baja Tensión,0,13/04/2026,ELECTRICA,Requisición,Documentos,Técnicos,Revisado y Validado,Ingeniería,14/04/2026 12:23,3000 - Área Húmeda - General
NEW,CUMBRA INGENIERÍA S.A.,P22114-DA-3000-07-ER-006,REQUISICIÓN DE EQUIPOS - GENERADOR DIESEL Y TABLERO DE TRANSFERENCIA AUTOMÁTICA,0,07/04/2026,ELECTRICA,Requisición,Documentos,Técnicos,Revisado y Validado,Ingeniería,08/04/2026 12:17,3000 - Área Húmeda - General
NEW,CUMBRA INGENIERÍA S.A.,P22114-DA-3000-07-ER-007,REQUISICIÓN DE EQUIPOS - DUCTOS DE BARRAS DE BAJA TENSIÓN,0,17/03/2026,ELECTRICA,Requisición,Documentos,Técnicos,Revisado y Validado,Ingeniería,17/03/2026 09:49,3000 - Área Húmeda - General
NEW,CUMBRA INGENIERÍA S.A.,P22114-DA-3000-07-ER-008,REQUISICIÓN DE EQUIPOS - CENTROS DE CONTROL DE MOTORES DE BAJA TENSIÓN,0,31/03/2026,ELECTRICA,Requisición,Documentos,Técnicos,Informativo,Ingeniería,31/03/2026 17:28,3000 - Área Húmeda - General
NEW,CUMBRA INGENIERÍA S.A.,P22114-DA-3000-07-ER-009,REQUISICIÓN DE EQUIPOS - VARIADORES DE FRECUENCIA DE BAJA TENSIÓN,0,21/05/2026,ELECTRICA,Requisición,Documentos,Técnicos,Revisado y Validado,Ingeniería,21/05/2026 11:49,3000 - Área Húmeda - General
NEW,CUMBRA INGENIERÍA S.A.,P22114-DA-3000-07-ER-010,REQUISICIÓN DE EQUIPOS – TRANSFORMADORES SECOS Y TABLEROS DE DISTRIBUCIÓN,C,10/03/2026,ELECTRICA,Requisición,Documentos,Técnicos,Revisado con Comentarios,Ingeniería,10/03/2026 17:01,3000 - Área Húmeda - General
NEW,CUMBRA INGENIERÍA S.A.,P22114-DA-3000-07-ER-012,REQUISICIÓN DE EQUIPOS - SISTEMAS UPS - BATERÍAS Y CARGADORES DE BATERÍAS,0,08/05/2026,ELECTRICA,Requisición,Documentos,Técnicos,Revisado con Comentarios,Ingeniería,08/05/2026 11:27,3000 - Área Húmeda - General
NEW,CUMBRA INGENIERÍA S.A.,P22114-DA-3000-07-ER-013,Requisición de Equipos - Sistema de Rectificación EW,A,19/11/2025,ELECTRICA,Requisición,Documentos,Técnicos,Revisión Interna,Ingeniería de Detalle,19/11/2025 16:59,
NEW,CUMBRA INGENIERÍA S.A.,P22114-DA-3000-07-ER-014,Requisición de Equipos - Luminarias y accesorios,B,17/06/2026,ELECTRICA,Documentos,Documentos,Técnicos,Revisión de SPCC,Ingeniería,17/06/2026 17:22,3000 - Área Húmeda - General
NEW,CUMBRA INGENIERÍA S.A.,P22114-DA-3000-07-ER-017,REQUISICIÓN DE EQUIPOS - TRANSFORMADOR PARA EL SISTEMA DE RECTIFICACIÓN,0,07/07/2026,ELECTRICA,Requisición,Documentos,Técnicos,Informativo,Ingeniería,07/07/2026 12:30,3000 - Área Húmeda - General
NEW,CUMBRA INGENIERÍA S.A.,P22114-DA-3000-07-IF-001,Informe de Medición de Resistividad Eléctrica,1,09/06/2026,ELECTRICA,Informe,Documentos,Técnicos,Informativo,Ingeniería,09/06/2026 14:48,3000 - Área Húmeda - General
NEW,CUMBRA INGENIERÍA S.A.,P22114-DA-3000-07-MC-001,MEMORIA DE CÁLCULO – MÁXIMA DEMANDA,E,23/06/2026,ELECTRICA,Memoria de Calculo,Documentos,Técnicos,Revisado con Comentarios,Ingeniería,24/06/2026 07:34,3000 - Área Húmeda - General
NEW,CUMBRA INGENIERÍA S.A.,P22114-DA-3000-07-MC-002,MEMORIA DE CÁLCULO - DIMENSIONAMIENTO DE CABLES,D,08/05/2026,ELECTRICA,Memoria de Calculo,Documentos,Técnicos,Revisado con Comentarios,Ingeniería,08/05/2026 09:27,3000 - Área Húmeda - General
NEW,CUMBRA INGENIERÍA S.A.,P22114-DA-3000-07-MC-003,MEMORIA DE CÁLCULO - SISTEMA DE ILUMINACIÓN VÍAS INTERNAS Y ÁREA 3300,C,21/07/2026,ELECTRICA,Memoria de Calculo,Documentos,Técnicos,Revisado sin Comentarios,Ingeniería,21/07/2026 12:37,3000 - Área Húmeda - General
NEW,CUMBRA INGENIERÍA S.A.,P22114-DA-3000-07-MC-004,MEMORIA DE CÁLCULO - SISTEMA DE PUESTA A TIERRA OBRAS TEMPRANAS (ÁREAS 3300 Y 3500),0,24/06/2026,ELECTRICA,Memoria de Calculo,Documentos,Técnicos,Revisado con Comentarios,Ingeniería,24/06/2026 14:11,3000 - Área Húmeda - General
NEW,CUMBRA INGENIERÍA S.A.,P22114-DA-3000-07-MC-005,Memoria de Cálculo - Protección Ante Descargas Atmosféricas,0,10/06/2026,ELECTRICA,Memoria de Calculo,Documentos,Técnicos,Revisado sin Comentarios,Ingeniería,10/06/2026 16:44,3000 - Área Húmeda - General
NEW,CUMBRA INGENIERÍA S.A.,P22114-DA-3000-07-MC-006,Estudio de Flujo de Carga y Cortocircuito,B,22/07/2026,ELECTRICA,Memoria de Calculo,Documentos,Técnicos,Revisado con Comentarios,Ingeniería,23/07/2026 09:34,3000 - Área Húmeda - General
NEW,CUMBRA INGENIERÍA S.A.,P22114-DA-3000-07-MC-010,MEMORIA DE CÁLCULO – SISTEMA DE PUESTA A TIERRA DE SUBESTACIONES ELÉCTRICAS Y ÁREA DE PATIO DE TANQUES,C,15/07/2026,ELECTRICA,Memoria de Calculo,Documentos,Técnicos,Revisado sin Comentarios,Ingeniería,15/07/2026 18:54,3000 - Área Húmeda - General
NEW,CUMBRA INGENIERÍA S.A.,P22114-DA-3000-07-ML-001,Listado de Materiales Eléctricos - Instalaciones Eléctricas,0,03/07/2026,ELECTRICA,Metrados,Documentos,Técnicos,Informativo,Ingeniería,03/07/2026 21:35,3000 - Área Húmeda - General
NEW,CUMBRA INGENIERÍA S.A.,P22114-DA-3000-07-MR-001,REQUISICIÓN DE MATERIALES – CABLES DE MEDIA TENSIÓN,0,13/04/2026,ELECTRICA,Requisición de Materiales,Documentos,Técnicos,Revisado con Comentarios,Ingeniería,13/04/2026 11:25,3000 - Área Húmeda - General
NEW,CUMBRA INGENIERÍA S.A.,P22114-DA-3000-07-MR-002,REQUISICIÓN DE MATERIALES - CANALIZACIONES ENTERRADAS OBRAS TEMPRANAS,0,06/07/2026,ELECTRICA,Requisición de Materiales,Documentos,Técnicos,Revisado con Comentarios,Ingeniería,06/07/2026 15:00,3000 - Área Húmeda - General
NEW,CUMBRA INGENIERÍA S.A.,P22114-DA-3000-07-MR-003,Requisión de Materiales - Sistema de Alumbrado,B,05/06/2026,ELECTRICA,Requisición de Materiales,Documentos,Técnicos,Revisión de SPCC,Ingeniería,08/06/2026 09:20,3000 - Área Húmeda - General
NEW,CUMBRA INGENIERÍA S.A.,P22114-DA-3000-07-MR-004,REQUISICIÓN DE MATERIALES - SISTEMA DE PUESTA A TIERRA OBRAS TEMPRANAS,0,12/03/2026,ELECTRICA,Requisición,Documentos,Técnicos,Informativo,Ingeniería,12/03/2026 14:56,3000 - Área Húmeda - General
NEW,CUMBRA INGENIERÍA S.A.,P22114-DA-3000-07-TE-001,Evaluación Técnica Salas Eléctricas Prefabricadas,0,17/04/2026,ELECTRICA,EVALUACIÓN TÉCNICA,Documentos,Técnicos,Revisado y Validado,Ingeniería,18/04/2026 16:20,3000 - Área Húmeda - General
NEW,CUMBRA INGENIERÍA S.A.,P22114-DA-3000-07-TE-002,Evaluación Técnica - Switchgear 23 kV,0,18/03/2026,ELECTRICA,EVALUACIÓN TÉCNICA,Documentos,Técnicos,Informativo,Ingeniería,18/03/2026 16:15,3000 - Área Húmeda - General
NEW,CUMBRA INGENIERÍA S.A.,P22114-DA-3000-07-TE-003,Evaluación Técnicas - Subestaciones Unitarias 23/0.48 kV,1,17/04/2026,ELECTRICA,EVALUACIÓN TÉCNICA,Documentos,Técnicos,Revisado y Validado,Ingeniería,17/04/2026 16:39,3000 - Área Húmeda - General
NEW,CUMBRA INGENIERÍA S.A.,P22114-DA-3000-07-TE-004,EVALUACIÓN TÉCNICA SISTEMA DE RECTIFICACIÓN,1,09/06/2026,ELECTRICA,EVALUACIÓN TÉCNICA,Documentos,Técnicos,Informativo,Ingeniería,09/06/2026 09:51,3000 - Área Húmeda - General
NEW,CUMBRA INGENIERÍA S.A.,P22114-DA-3000-07-TE-005,EVALUACIÓN TÉCNICA -  SGW BAJA TENSION AREA 3500,B,29/05/2026,ELECTRICA,EVALUACIÓN TÉCNICA,Documentos,Técnicos,Revisado con Comentarios,Ingeniería,29/05/2026 23:59,3000 - Área Húmeda - General
NEW,CUMBRA INGENIERÍA S.A.,P22114-DA-3000-07-TE-006,EVALUACIÓN TÉCNICA - GENERADOR DE EMERGENCIA,1,31/07/2026,ELECTRICA,EVALUACIÓN TÉCNICA,Documentos,Técnicos,Revisado y Validado,Ingeniería,31/07/2026 19:12,3000 - Área Húmeda - General
NEW,CUMBRA INGENIERÍA S.A.,P22114-DA-3000-07-TE-007,Evaluación Técnicas - Ductos de Barras de baja Tensión,1,15/04/2026,ELECTRICA,EVALUACIÓN TÉCNICA,Documentos,Técnicos,Informativo,Ingeniería,16/04/2026 08:31,3000 - Área Húmeda - General
NEW,CUMBRA INGENIERÍA S.A.,P22114-DA-3000-07-TE-008,EVALUACIÓN TÉCNICA CCM DE BAJA TENSION AREA 3500,C,15/05/2026,ELECTRICA,EVALUACIÓN TÉCNICA,Documentos,Técnicos,Revisado sin Comentarios,Ingeniería,15/05/2026 09:45,3000 - Área Húmeda - General
NEW,CUMBRA INGENIERÍA S.A.,P22114-DA-3000-07-TE-009,"EVALUACIÓN TÉCNICA - CCMs,SWG y VARIADORES DE FRECUENCIA EN BT PARA AREA 3500",0,17/07/2026,ELECTRICA,EVALUACIÓN TÉCNICA,Documentos,Técnicos,Revisado y Validado,Ingeniería,17/07/2026 13:45,3000 - Área Húmeda - General
NEW,CUMBRA INGENIERÍA S.A.,P22114-DA-3000-07-TE-014,EVALUACIÓN TÉCNICA - CABLES DE MEDIA TENSIÓN,0,03/06/2026,ELECTRICA,EVALUACIÓN TÉCNICA,Documentos,Técnicos,Revisado y Validado,Ingeniería,03/06/2026 16:54,3000 - Área Húmeda - General
NEW,CUMBRA INGENIERÍA S.A.,P22114-DA-3000-07-TE-018,EVALUACIÓN TÉCNICA - MATERIALES DE PUESTA A TIERRA OBRAS TEMPRANAS,0,18/03/2026,ELECTRICA,EVALUACIÓN TÉCNICA,Documentos,Técnicos,Informativo,Ingeniería,18/03/2026 15:57,3000 - Área Húmeda - General
NEW,CUMBRA INGENIERÍA S.A.,P22114-DA-3000-07-TE-024,EVALUACIÓN TÉCNICA DE EQUIPO - TRANSFORMADOR PARA EL SISTEMA DE RECTIFICACIÓN,0,10/07/2026,ELECTRICA,EVALUACIÓN TÉCNICA,Documentos,Técnicos,Revisado y Validado,Ingeniería,10/07/2026 09:19,3000 - Área Húmeda - General
NEW,CUMBRA INGENIERÍA S.A.,P22114-DA-3000-07-TS-001,ESPECIFICACIÓN TÉCNICA - SALA ELÉCTRICA PREFABRICADA,0,23/02/2026,ELECTRICA,Especificación Técnica,Documentos,Técnicos,Revisado y Validado,Ingeniería,24/02/2026 11:43,3000 - Área Húmeda - General
NEW,CUMBRA INGENIERÍA S.A.,P22114-DA-3000-07-TS-002,Especificación Técnica - Switchgear 23 kV,0,05/02/2026,ELECTRICA,Especificación Técnica,Documentos,Técnicos,Revisado y Validado,Ingeniería,05/02/2026 16:39,3000 - Área Húmeda - General
NEW,CUMBRA INGENIERÍA S.A.,P22114-DA-3000-07-TS-003,Especificación Técnica - Subestación Unitaria 23/0.48 kV,0,26/02/2026,ELECTRICA,Especificación Técnica,Documentos,Técnicos,Revisado y Validado,Ingeniería,26/02/2026 13:44,3000 - Área Húmeda - General
NEW,CUMBRA INGENIERÍA S.A.,P22114-DA-3000-07-TS-004,ESPECIFICACIÓN TÉCNICA - SISTEMA DE RECTIFICACIÓN EW - TECNOLOGÍA IGBT,0,06/03/2026,ELECTRICA,Especificación Técnica,Documentos,Técnicos,Revisado y Validado,Ingeniería,06/03/2026 13:54,3000 - Área Húmeda - General
NEW,CUMBRA INGENIERÍA S.A.,P22114-DA-3000-07-TS-005,ESPECIFICACIÓN TÉCNICA – SISTEMA DE RECTIFICACIÓN 12 PULSOS,0,25/02/2026,ELECTRICA,Especificación Técnica,Documentos,Técnicos,Revisado y Validado,Ingeniería,26/02/2026 09:06,3000 - Área Húmeda - General
NEW,CUMBRA INGENIERÍA S.A.,P22114-DA-3000-07-TS-006,ESPECIFICACIÓN TÉCNICA - GENERADOR DIESEL Y TABLERO DE TRANSFERENCIA AUTOMÁTICA,0,26/03/2026,ELECTRICA,Especificación Técnica,Documentos,Técnicos,Revisado y Validado,Ingeniería,26/03/2026 09:45,3000 - Área Húmeda - General
NEW,CUMBRA INGENIERÍA S.A.,P22114-DA-3000-07-TS-007,ESPECIFICACIÓN TÉCNICA - DUCTO DE BARRAS DE BAJA TENSIÓN,0,25/02/2026,ELECTRICA,Especificación Técnica,Documentos,Técnicos,Revisado y Validado,Ingeniería,26/02/2026 13:40,3000 - Área Húmeda - General
NEW,CUMBRA INGENIERÍA S.A.,P22114-DA-3000-07-TS-008,ESPECIFICACIÓN TÉCNICA - CENTRO DE CONTROL DE MOTORES DE BAJA TENSIÓN,0,16/01/2026,ELECTRICA,Especificación Técnica,Documentos,Técnicos,Revisado y Validado,Ingeniería,16/01/2026 19:32,
NEW,CUMBRA INGENIERÍA S.A.,P22114-DA-3000-07-TS-009,ESPECIFICACIÓN TÉCNICA - VARIADORES DE FRECUENCIA DE BAJA TENSIÓN,1,15/04/2026,ELECTRICA,Especificación Técnica,Documentos,Técnicos,Revisado y Validado,Ingeniería,16/04/2026 09:38,3000 - Área Húmeda - General
NEW,CUMBRA INGENIERÍA S.A.,P22114-DA-3000-07-TS-010,ESPECIFICACIÓN TÉCNICA - TRANSFORMADORES SECOS DE DISTRIBUCIÓN,0,22/01/2026,ELECTRICA,Especificación Técnica,Documentos,Técnicos,Revisado y Validado,Ingeniería,22/01/2026 18:40,3000 - Área Húmeda - General
NEW,CUMBRA INGENIERÍA S.A.,P22114-DA-3000-07-TS-011,ESPECIFICACIÓN TÉCNICA - TABLEROS DE DISTRIBUCIÓN Y ALUMBRADO,0,22/01/2026,ELECTRICA,Especificación Técnica,Documentos,Técnicos,Revisado y Validado,Ingeniería,22/01/2026 18:42,3000 - Área Húmeda - General
NEW,CUMBRA INGENIERÍA S.A.,P22114-DA-3000-07-TS-013,Especificación Técnica - Sistema UPS,0,20/02/2026,ELECTRICA,Especificación Técnica,Documentos,Técnicos,Revisado y Validado,Ingeniería,20/02/2026 18:54,3000 - Área Húmeda - General
NEW,CUMBRA INGENIERÍA S.A.,P22114-DA-3000-07-TS-014,Especificación Técnica - Cargador y Banco de Baterías,0,13/03/2026,ELECTRICA,Especificación Técnica,Documentos,Técnicos,Revisado con Comentarios,Ingeniería,13/03/2026 20:00,3000 - Área Húmeda - General
NEW,CUMBRA INGENIERÍA S.A.,P22114-DA-3000-07-TS-015,ESPECIFICACIÓN TÉCNICA - MOTORES ELÉCTRICOS DE INDUCCIÓN,0,06/05/2026,ELECTRICA,Especificación Técnica,Documentos,Técnicos,Revisado y Validado,Ingeniería,06/05/2026 12:09,3000 - Área Húmeda - General
NEW,CUMBRA INGENIERÍA S.A.,P22114-DA-3000-07-TS-016,Especificación Técnica - Luminarias y Accesorios,0,31/03/2026,ELECTRICA,Especificación Técnica,Documentos,Técnicos,Revisado y Validado,Ingeniería,31/03/2026 17:31,3000 - Área Húmeda - General
NEW,CUMBRA INGENIERÍA S.A.,P22114-DA-3000-07-TS-017,Especificación Técnica - Materiales del Sistema de Puesta de Tierra y Protección Atmosférica,1,08/05/2026,ELECTRICA,Especificación Técnica,Documentos,Técnicos,Informativo,Ingeniería,08/05/2026 18:56,3000 - Área Húmeda - General
NEW,CUMBRA INGENIERÍA S.A.,P22114-DA-3000-07-TS-018,Especificación Técnica - Montaje Eléctrico,0,12/05/2026,ELECTRICA,Especificación Técnica,Documentos,Técnicos,Revisado y Validado,Ingeniería,12/05/2026 11:24,3000 - Área Húmeda - General
NEW,CUMBRA INGENIERÍA S.A.,P22114-DA-3000-07-TS-019,ESPECIFICACIÓN TÉCNICA - REQUERIMIENTOS ELÉCTRICOS PARA PAQUETES MECÁNICOS,0,26/02/2026,ELECTRICA,Especificación Técnica,Documentos,Técnicos,Revisado y Validado,Ingeniería,27/02/2026 09:10,3000 - Área Húmeda - General
NEW,CUMBRA INGENIERÍA S.A.,P22114-DA-3000-07-TS-020,Especificacion Técnica y Alcance de Trabajo - Protección Catódica de Tanques,0,27/07/2026,ELECTRICA,Especificación Técnica,Documentos,Técnicos,Revisado y Validado,Ingeniería,27/07/2026 17:09,3000 - Área Húmeda - General
NEW,CUMBRA INGENIERÍA S.A.,P22114-DA-3000-07-TS-022,Especificación Técnica - Estaciones de Control Local,0,01/04/2026,ELECTRICA,Especificación Técnica,Documentos,Técnicos,Anulado,Ingeniería,06/04/2026 13:03,3000 - Área Húmeda - General
NEW,CUMBRA INGENIERÍA S.A.,P22114-DA-3000-07-TS-023,ESPECIFICACIÓN TÉCNICA - SWITCHGEAR DE BAJA TENSIÓN,0,18/02/2026,ELECTRICA,Especificación Técnica,Documentos,Técnicos,Revisado sin Comentarios,Ingeniería,18/02/2026 14:51,3000 - Área Húmeda - General
NEW,CUMBRA INGENIERÍA S.A.,P22114-DA-3300-07-DS-001,"Hoja de Datos - Sala Eléctrica Prefabricada, TAG: 300-ERS-001",0,26/02/2026,ELECTRICA,Hoja de Datos,Documentos,Técnicos,Revisado y Validado,Ingeniería,26/02/2026 13:52,3300 - Extracción por Solventes
NEW,CUMBRA INGENIERÍA S.A.,P22114-DA-3300-07-DS-003,"HOJA DE DATOS TÉCNICOS - SUBESTACIÓN UNITARIA 23/0.48 kV, TAG: 300-XFU-001",0,20/02/2026,ELECTRICA,Hoja de Datos,Documentos,Técnicos,Revisado y Validado,Ingeniería,20/02/2026 21:17,3300 - Extracción por Solventes
NEW,CUMBRA INGENIERÍA S.A.,P22114-DA-3300-07-DS-004,"HOJA DE DATOS TÉCNICOS - SUBESTACIÓN UNITARIA 23/0.48 kV, TAG: 300-XFU-002",0,20/02/2026,ELECTRICA,Hoja de Datos,Documentos,Técnicos,Revisado y Validado,Ingeniería,20/02/2026 21:17,3300 - Extracción por Solventes
NEW,CUMBRA INGENIERÍA S.A.,P22114-DA-3300-07-DS-005,"HOJA DE DATOS - DUCTO DE BARRAS DE BAJA TENSIÓN, TAG: 300-BSL-001",0,25/02/2026,ELECTRICA,Hoja de Datos,Documentos,Técnicos,Revisado y Validado,Ingeniería,26/02/2026 10:29,3300 - Extracción por Solventes
NEW,CUMBRA INGENIERÍA S.A.,P22114-DA-3300-07-DS-006,"HOJA DE DATOS - DUCTO DE BARRAS DE BAJA TENSIÓN, TAG: 300-BSL-002",0,25/02/2026,ELECTRICA,Hoja de Datos,Documentos,Técnicos,Revisado y Validado,Ingeniería,26/02/2026 10:31,3300 - Extracción por Solventes
NEW,CUMBRA INGENIERÍA S.A.,P22114-DA-3300-07-DS-007,"HOJA DE DATOS - CENTRO DE CONTROL DE MOTORES DE BAJA TENSIÓN, TAG: 300-MCL-001",0,20/02/2026,ELECTRICA,Hoja de Datos,Documentos,Técnicos,Revisado y Validado,Ingeniería,20/02/2026 12:59,3300 - Extracción por Solventes
NEW,CUMBRA INGENIERÍA S.A.,P22114-DA-3300-07-DS-008,"HOJA DE DATOS - CENTRO DE CONTROL DE MOTORES DE BAJA TENSIÓN, TAG: 300-MCL-002",0,20/02/2026,ELECTRICA,Hoja de Datos,Documentos,Técnicos,Revisado y Validado,Ingeniería,20/02/2026 13:01,3300 - Extracción por Solventes
NEW,CUMBRA INGENIERÍA S.A.,P22114-DA-3300-07-DS-009,HOJAS DE DATOS - VARIADORES DE FRECUENCIA EN BT - ÁREA ES,1,13/04/2026,ELECTRICA,Hoja de Datos,Documentos,Técnicos,Revisado y Validado,Ingeniería,13/04/2026 17:30,3300 - Extracción por Solventes
NEW,CUMBRA INGENIERÍA S.A.,P22114-DA-3300-07-DS-010,Hoja de Datos - Variador de Frecuencia BT - TAG: 300-AGA-103-V,A,11/12/2025,ELECTRICA,Hoja de Datos,Documentos,Técnicos,Revisión Interna,Ingeniería,11/12/2025 15:53,
NEW,CUMBRA INGENIERÍA S.A.,P22114-DA-3300-07-DS-011,Hoja de Datos - Variador de Frecuencia BT - TAG: 300-AGA-105-V,A,11/12/2025,ELECTRICA,Hoja de Datos,Documentos,Técnicos,Revisión Interna,Ingeniería,11/12/2025 15:54,
NEW,CUMBRA INGENIERÍA S.A.,P22114-DA-3300-07-DS-012,Hoja de Datos - Variador de Frecuencia BT - TAG: 300-AGA-106-V,A,11/12/2025,ELECTRICA,Hoja de Datos,Documentos,Técnicos,Revisión Interna,Ingeniería,11/12/2025 15:55,
NEW,CUMBRA INGENIERÍA S.A.,P22114-DA-3300-07-DS-013,Hoja de Datos - Variador de Frecuencia BT - TAG: 300-AGA-108-V,A,11/12/2025,ELECTRICA,Hoja de Datos,Documentos,Técnicos,Revisión Interna,Ingeniería,11/12/2025 15:56,
NEW,CUMBRA INGENIERÍA S.A.,P22114-DA-3300-07-DS-014,Hoja de Datos - Variador de Frecuencia BT - TAG: 300-AGA-109-V,A,11/12/2025,ELECTRICA,Hoja de Datos,Documentos,Técnicos,Revisión Interna,Ingeniería,11/12/2025 15:56,
NEW,CUMBRA INGENIERÍA S.A.,P22114-DA-3300-07-DS-015,Hoja de Datos - Variador de Frecuencia BT - TAG: 300-AGA-111-V,A,11/12/2025,ELECTRICA,Hoja de Datos,Documentos,Técnicos,Revisión Interna,Ingeniería,11/12/2025 15:58,
NEW,CUMBRA INGENIERÍA S.A.,P22114-DA-3300-07-DS-016,Hoja de Datos - Variador de Frecuencia BT - TAG: 300-AGA-112-V,A,11/12/2025,ELECTRICA,Hoja de Datos,Documentos,Técnicos,Revisión Interna,Ingeniería,11/12/2025 16:00,
NEW,CUMBRA INGENIERÍA S.A.,P22114-DA-3300-07-DS-017,Hoja de Datos - Variador de Frecuencia BT - TAG: 300-AGA-114-V,A,11/12/2025,ELECTRICA,Hoja de Datos,Documentos,Técnicos,Revisión Interna,Ingeniería,11/12/2025 16:01,
NEW,CUMBRA INGENIERÍA S.A.,P22114-DA-3300-07-DS-018,Hoja de Datos - Variador de Frecuencia BT - TAG: 300-AGA-115-V,A,11/12/2025,ELECTRICA,Hoja de Datos,Documentos,Técnicos,Revisión Interna,Ingeniería,11/12/2025 16:02,
NEW,CUMBRA INGENIERÍA S.A.,P22114-DA-3300-07-DS-020,Hoja de Datos - Variador de Frecuencia BT - TAG: 300-AGA-203-V,A,11/12/2025,ELECTRICA,Hoja de Datos,Documentos,Técnicos,Revisión Interna,Ingeniería,11/12/2025 16:03,
NEW,CUMBRA INGENIERÍA S.A.,P22114-DA-3300-07-DS-021,Hoja de Datos - Variador de Frecuencia BT - TAG: 300-AGA-205-V,A,11/12/2025,ELECTRICA,Hoja de Datos,Documentos,Técnicos,Revisión Interna,Ingeniería,11/12/2025 16:03,
NEW,CUMBRA INGENIERÍA S.A.,P22114-DA-3300-07-DS-022,Hoja de Datos - Variador de Frecuencia BT - TAG: 300-AGA-206-V,A,11/12/2025,ELECTRICA,Hoja de Datos,Documentos,Técnicos,Revisión Interna,Ingeniería,11/12/2025 16:04,
NEW,CUMBRA INGENIERÍA S.A.,P22114-DA-3300-07-DS-023,Hoja de Datos - Variador de Frecuencia BT - TAG: 300-AGA-208-V,A,11/12/2025,ELECTRICA,Hoja de Datos,Documentos,Técnicos,Revisión Interna,Ingeniería,11/12/2025 16:06,
NEW,CUMBRA INGENIERÍA S.A.,P22114-DA-3300-07-DS-024,Hoja de Datos - Variador de Frecuencia BT - TAG: 300-AGA-209-V,A,11/12/2025,ELECTRICA,Hoja de Datos,Documentos,Técnicos,Revisión Interna,Ingeniería,11/12/2025 16:06,
NEW,CUMBRA INGENIERÍA S.A.,P22114-DA-3300-07-DS-025,Hoja de Datos - Variador de Frecuencia BT - TAG: 300-AGA-211-V,A,11/12/2025,ELECTRICA,Hoja de Datos,Documentos,Técnicos,Revisión Interna,Ingeniería,11/12/2025 16:07,
NEW,CUMBRA INGENIERÍA S.A.,P22114-DA-3300-07-DS-026,Hoja de Datos - Variador de Frecuencia BT - TAG: 300-AGA-212-V,A,11/12/2025,ELECTRICA,Hoja de Datos,Documentos,Técnicos,Revisión Interna,Ingeniería,11/12/2025 16:08,
NEW,CUMBRA INGENIERÍA S.A.,P22114-DA-3300-07-DS-027,Hoja de Datos - Variador de Frecuencia BT - TAG: 300-AGA-214-V,A,11/12/2025,ELECTRICA,Hoja de Datos,Documentos,Técnicos,Revisión Interna,Ingeniería,11/12/2025 16:09,
NEW,CUMBRA INGENIERÍA S.A.,P22114-DA-3300-07-DS-028,Hoja de Datos - Variador de Frecuencia BT - TAG: 300-AGA-215-V,A,11/12/2025,ELECTRICA,Hoja de Datos,Documentos,Técnicos,Revisión Interna,Ingeniería,11/12/2025 16:14,
NEW,CUMBRA INGENIERÍA S.A.,P22114-DA-3300-07-DS-030,Hoja de Datos - Variador de Frecuencia BT - TAG: 300-AGA-104-V,A,11/12/2025,ELECTRICA,Hoja de Datos,Documentos,Técnicos,Revisión Interna,Ingeniería,11/12/2025 16:15,
NEW,CUMBRA INGENIERÍA S.A.,P22114-DA-3300-07-DS-031,Hoja de Datos - Variador de Frecuencia BT - TAG: 300-AGA-107-V,A,11/12/2025,ELECTRICA,Hoja de Datos,Documentos,Técnicos,Revisión Interna,Ingeniería,11/12/2025 16:17,
NEW,CUMBRA INGENIERÍA S.A.,P22114-DA-3300-07-DS-032,Hoja de Datos - Variador de Frecuencia BT - TAG: 300-AGA-110-V,A,11/12/2025,ELECTRICA,Hoja de Datos,Documentos,Técnicos,Revisión Interna,Ingeniería,11/12/2025 16:28,
NEW,CUMBRA INGENIERÍA S.A.,P22114-DA-3300-07-DS-033,Hoja de Datos - Variador de Frecuencia BT - TAG: 300-AGA-113-V,A,11/12/2025,ELECTRICA,Hoja de Datos,Documentos,Técnicos,Revisión Interna,Ingeniería,11/12/2025 16:43,
NEW,CUMBRA INGENIERÍA S.A.,P22114-DA-3300-07-DS-035,Hoja de Datos - Variador de Frecuencia BT - TAG: 300-AGA-204-V,A,11/12/2025,ELECTRICA,Hoja de Datos,Documentos,Técnicos,Revisión Interna,Ingeniería,11/12/2025 16:44,
NEW,CUMBRA INGENIERÍA S.A.,P22114-DA-3300-07-DS-036,Hoja de Datos - Variador de Frecuencia BT - TAG: 300-AGA-207-V,A,11/12/2025,ELECTRICA,Hoja de Datos,Documentos,Técnicos,Revisión Interna,Ingeniería,11/12/2025 16:45,
NEW,CUMBRA INGENIERÍA S.A.,P22114-DA-3300-07-DS-037,Hoja de Datos - Variador de Frecuencia BT - TAG: 300-AGA-210-V,A,11/12/2025,ELECTRICA,Hoja de Datos,Documentos,Técnicos,Revisión Interna,Ingeniería,11/12/2025 16:45,
NEW,CUMBRA INGENIERÍA S.A.,P22114-DA-3300-07-DS-038,Hoja de Datos - Variador de Frecuencia BT - TAG: 300-AGA-213-V,A,11/12/2025,ELECTRICA,Hoja de Datos,Documentos,Técnicos,Revisión Interna,Ingeniería,11/12/2025 16:48,
NEW,CUMBRA INGENIERÍA S.A.,P22114-DA-3300-07-DS-040,Hoja de Datos - Variador de Frecuencia BT - TAG: 300-PPC-102-V,A,11/12/2025,ELECTRICA,Hoja de Datos,Documentos,Técnicos,Revisión Interna,Ingeniería,11/12/2025 16:49,
NEW,CUMBRA INGENIERÍA S.A.,P22114-DA-3300-07-DS-041,Hoja de Datos - Variador de Frecuencia BT - TAG: 300-PPC-103-V,A,11/12/2025,ELECTRICA,Hoja de Datos,Documentos,Técnicos,Revisión Interna,Ingeniería,11/12/2025 16:49,
NEW,CUMBRA INGENIERÍA S.A.,P22114-DA-3300-07-DS-043,Hoja de Datos - Variador de Frecuencia BT - TAG: 300-PPC-202-V,A,11/12/2025,ELECTRICA,Hoja de Datos,Documentos,Técnicos,Revisión Interna,Ingeniería,11/12/2025 16:50,
NEW,CUMBRA INGENIERÍA S.A.,P22114-DA-3300-07-DS-044,Hoja de Datos - Variador de Frecuencia BT - TAG: 300-PPC-203-V,A,11/12/2025,ELECTRICA,Hoja de Datos,Documentos,Técnicos,Revisión Interna,Ingeniería,11/12/2025 16:50,
NEW,CUMBRA INGENIERÍA S.A.,P22114-DA-3300-07-DS-046,Hoja de Datos - Variador de Frecuencia BT - TAG: 300-PPC-105-V,A,11/12/2025,ELECTRICA,Hoja de Datos,Documentos,Técnicos,Revisión Interna,Ingeniería,11/12/2025 16:51,
NEW,CUMBRA INGENIERÍA S.A.,P22114-DA-3300-07-DS-048,Hoja de Datos - Variador de Frecuencia BT - TAG: 300-PPC-205-V,A,11/12/2025,ELECTRICA,Hoja de Datos,Documentos,Técnicos,Revisión Interna,Ingeniería,11/12/2025 16:52,
NEW,CUMBRA INGENIERÍA S.A.,P22114-DA-3300-07-DS-050,Hoja de Datos - Variador de Frecuencia BT - TAG: 300-PPC-107-V,A,11/12/2025,ELECTRICA,Hoja de Datos,Documentos,Técnicos,Revisión Interna,Ingeniería,11/12/2025 16:52,
NEW,CUMBRA INGENIERÍA S.A.,P22114-DA-3300-07-DS-052,Hoja de Datos - Variador de Frecuencia BT - TAG: 300-PPC-207-V,A,11/12/2025,ELECTRICA,Hoja de Datos,Documentos,Técnicos,Revisión Interna,Ingeniería,11/12/2025 16:53,
NEW,CUMBRA INGENIERÍA S.A.,P22114-DA-3300-07-DS-053,"HOJA DE DATOS - TRANSFORMADOR SECO DE DISTRIBUCIÓN, TAG: 300-XFD-001",0,18/02/2026,ELECTRICA,Hoja de Datos,Documentos,Técnicos,Revisado sin Comentarios,Ingeniería,18/02/2026 14:42,3300 - Extracción por Solventes
NEW,CUMBRA INGENIERÍA S.A.,P22114-DA-3300-07-DS-055,"HOJA DE DATOS - TABLERO DE DISTRIBUCIÓN, TAG: 300-DPA-001",0,20/02/2026,ELECTRICA,Hoja de Datos,Documentos,Técnicos,Revisado y Validado,Ingeniería,20/02/2026 18:07,3300 - Extracción por Solventes
NEW,CUMBRA INGENIERÍA S.A.,P22114-DA-3300-07-DS-057,"HOJA DE DATOS - TABLERO DE DISTRIBUCIÓN, TAG: 300-SBL-001",C,30/01/2026,ELECTRICA,Hoja de Datos,Documentos,Técnicos,Revisado con Comentarios,Ingeniería,02/02/2026 10:23,3300 - Extracción por Solventes
NEW,CUMBRA INGENIERÍA S.A.,P22114-DA-3300-07-DS-059,"HOJA DE DATOS - TABLERO DE DISTRIBUCIÓN, TAG: 300-LPA-001",0,20/02/2026,ELECTRICA,Hoja de Datos,Documentos,Técnicos,Revisado y Validado,Ingeniería,20/02/2026 18:09,3300 - Extracción por Solventes
NEW,CUMBRA INGENIERÍA S.A.,P22114-DA-3300-07-DS-061,"HOJA DE DATOS SISTEMA UPS, TAGS: 300-UPS-001 Y 300-UPS-002",0,19/02/2026,ELECTRICA,Hoja de Datos,Documentos,Técnicos,Revisado y Validado,Ingeniería,20/02/2026 09:53,3300 - Extracción por Solventes
NEW,CUMBRA INGENIERÍA S.A.,P22114-DA-3300-07-DS-063,"HOJA DE DATOS - SWITCHGEAR DE BAJA TENSIÓN, TAG: 300-SGL-001",0,18/02/2026,ELECTRICA,Hoja de Datos,Documentos,Técnicos,Revisado sin Comentarios,Ingeniería,18/02/2026 14:53,3300 - Extracción por Solventes
NEW,CUMBRA INGENIERÍA S.A.,P22114-DA-3300-07-DS-064,HOJA DE DATOS - CARGADOR Y BANCO DE BATERÍAS,0,03/06/2026,ELECTRICA,Hoja de Datos,Documentos,Técnicos,Revisado y Validado,Ingeniería,03/06/2026 09:58,3300 - Extracción por Solventes
NEW,CUMBRA INGENIERÍA S.A.,P22114-DA-3300-07-DS-067,HOJA DE DATOS - TABLERO 300-DPD-001,0,14/07/2026,ELECTRICA,Hoja de Datos,Documentos,Técnicos,Revisado y Validado,Ingeniería,14/07/2026 11:33,3300 - Extracción por Solventes
NEW,CUMBRA INGENIERÍA S.A.,P22114-DA-3400-07-DS-001,"Hoja de Datos - Sala Eléctrica Prefabricada, TAG: 400-ERS-001",0,26/02/2026,ELECTRICA,Hoja de Datos,Documentos,Técnicos,Revisado y Validado,Ingeniería,26/02/2026 13:53,3400 - Patio de Tanques
NEW,CUMBRA INGENIERÍA S.A.,P22114-DA-3400-07-DS-002,"HOJA DE DATOS TÉCNICOS - SUBESTACIÓN UNITARIA 23/0.48 kV, TAG: 400-XFU-001",0,20/02/2026,ELECTRICA,Hoja de Datos,Documentos,Técnicos,Revisado y Validado,Ingeniería,20/02/2026 21:17,3400 - Patio de Tanques
NEW,CUMBRA INGENIERÍA S.A.,P22114-DA-3400-07-DS-003,"HOJA DE DATOS TÉCNICOS - SUBESTACIÓN UNITARIA 23/0.48 kV, TAG: 400-XFU-002",0,20/02/2026,ELECTRICA,Hoja de Datos,Documentos,Técnicos,Revisado y Validado,Ingeniería,20/02/2026 21:17,3400 - Patio de Tanques
NEW,CUMBRA INGENIERÍA S.A.,P22114-DA-3400-07-DS-004,"HOJA DE DATOS - DUCTO DE BARRAS DE BAJA TENSIÓN, TAG: 400-BSL-001",0,25/02/2026,ELECTRICA,Hoja de Datos,Documentos,Técnicos,Revisado y Validado,Ingeniería,26/02/2026 10:33,3400 - Patio de Tanques
NEW,CUMBRA INGENIERÍA S.A.,P22114-DA-3400-07-DS-005,"HOJA DE DATOS - DUCTO DE BARRAS DE BAJA TENSIÓN, TAG: 400-BSL-002",0,25/02/2026,ELECTRICA,Hoja de Datos,Documentos,Técnicos,Revisado y Validado,Ingeniería,26/02/2026 10:34,3400 - Patio de Tanques
NEW,CUMBRA INGENIERÍA S.A.,P22114-DA-3400-07-DS-006,"HOJA DE DATOS - CENTRO DE CONTROL DE MOTORES DE BAJA TENSIÓN, TAG: 400-MCL-001",0,20/02/2026,ELECTRICA,Hoja de Datos,Documentos,Técnicos,Revisado y Validado,Ingeniería,20/02/2026 13:02,3400 - Patio de Tanques
NEW,CUMBRA INGENIERÍA S.A.,P22114-DA-3400-07-DS-007,HOJAS DE DATOS - VARIADORES DE FRECUENCIA EN BT – ÁREA PT,0,18/02/2026,ELECTRICA,Hoja de Datos,Documentos,Técnicos,Revisado y Validado,Ingeniería,19/02/2026 09:33,3400 - Patio de Tanques
NEW,CUMBRA INGENIERÍA S.A.,P22114-DA-3400-07-DS-008,Hoja de Datos - Variador de Frecuencia BT - TAG: 400-PPC-002-V,A,11/12/2025,ELECTRICA,Hoja de Datos,Documentos,Técnicos,Revisión Interna,Ingeniería,11/12/2025 16:53,
NEW,CUMBRA INGENIERÍA S.A.,P22114-DA-3400-07-DS-009,Hoja de Datos - Variador de Frecuencia BT - TAG: 400-PPC-003-V,A,11/12/2025,ELECTRICA,Hoja de Datos,Documentos,Técnicos,Revisión Interna,Ingeniería,11/12/2025 16:54,
NEW,CUMBRA INGENIERÍA S.A.,P22114-DA-3400-07-DS-011,Hoja de Datos - Variador de Frecuencia BT - TAG:400-PPC-013-V,A,11/12/2025,ELECTRICA,Hoja de Datos,Documentos,Técnicos,Revisión Interna,Ingeniería,11/12/2025 16:54,
NEW,CUMBRA INGENIERÍA S.A.,P22114-DA-3400-07-DS-012,Hoja de Datos - Variador de Frecuencia BT - TAG: 400-PPC-014-V,A,11/12/2025,ELECTRICA,Hoja de Datos,Documentos,Técnicos,Revisión Interna,Ingeniería,11/12/2025 16:54,
NEW,CUMBRA INGENIERÍA S.A.,P22114-DA-3400-07-DS-014,Hoja de Datos - Variador de Frecuencia BT - TAG: 400-PPC-005-V,A,11/12/2025,ELECTRICA,Hoja de Datos,Documentos,Técnicos,Revisión Interna,Ingeniería,11/12/2025 16:55,
NEW,CUMBRA INGENIERÍA S.A.,P22114-DA-3400-07-DS-015,Hoja de Datos - Variador de Frecuencia BT - TAG: 400-PPC-006-V,A,11/12/2025,ELECTRICA,Hoja de Datos,Documentos,Técnicos,Revisión Interna,Ingeniería de Detalle,11/12/2025 16:55,
NEW,CUMBRA INGENIERÍA S.A.,P22114-DA-3400-07-DS-016,Hoja de Datos - Variador de Frecuencia BT - TAG: 400-PPC-007-V,A,11/12/2025,ELECTRICA,Hoja de Datos,Documentos,Técnicos,Revisión Interna,Ingeniería,11/12/2025 16:56,
NEW,CUMBRA INGENIERÍA S.A.,P22114-DA-3400-07-DS-017,Hoja de Datos - Variador de Frecuencia BT - TAG: 400-PPC-008-V,A,11/12/2025,ELECTRICA,Hoja de Datos,Documentos,Técnicos,Revisión Interna,Ingeniería,11/12/2025 16:57,
NEW,CUMBRA INGENIERÍA S.A.,P22114-DA-3400-07-DS-018,Hoja de Datos - Variador de Frecuencia BT - TAG: 400-PPC-009-V,A,11/12/2025,ELECTRICA,Hoja de Datos,Documentos,Técnicos,Revisión Interna,Ingeniería,11/12/2025 16:57,
NEW,CUMBRA INGENIERÍA S.A.,P22114-DA-3400-07-DS-019,Hoja de Datos - Variador de Frecuencia BT - TAG: 400-PPC-010-V,A,11/12/2025,ELECTRICA,Hoja de Datos,Documentos,Técnicos,Revisión Interna,Ingeniería,11/12/2025 16:57,
NEW,CUMBRA INGENIERÍA S.A.,P22114-DA-3400-07-DS-020,Hoja de Datos - Variador de Frecuencia BT - TAG: 400-PPC-011-V,A,11/12/2025,ELECTRICA,Hoja de Datos,Documentos,Técnicos,Revisión Interna,Ingeniería,11/12/2025 16:58,
NEW,CUMBRA INGENIERÍA S.A.,P22114-DA-3400-07-DS-022,Hoja de Datos - Variador de Frecuencia BT - TAG: 400-PPD-002-V,A,11/12/2025,ELECTRICA,Hoja de Datos,Documentos,Técnicos,Revisión Interna,Ingeniería,11/12/2025 16:58,
NEW,CUMBRA INGENIERÍA S.A.,P22114-DA-3400-07-DS-023,Hoja de Datos - Variador de Frecuencia BT - TAG: 400-PPD-003-V,A,11/12/2025,ELECTRICA,Hoja de Datos,Documentos,Técnicos,Revisión Interna,Ingeniería,11/12/2025 16:59,
NEW,CUMBRA INGENIERÍA S.A.,P22114-DA-3400-07-DS-024,Hoja de Datos - Variador de Frecuencia BT - TAG: 400-PPD-004-V,A,11/12/2025,ELECTRICA,Hoja de Datos,Documentos,Técnicos,Revisión Interna,Ingeniería,11/12/2025 16:56,
NEW,CUMBRA INGENIERÍA S.A.,P22114-DA-3400-07-DS-026,Hoja de Datos - Variador de Frecuencia BT - TAG: 400-PPD-044-V,A,11/12/2025,ELECTRICA,Hoja de Datos,Documentos,Técnicos,Revisión Interna,Ingeniería,11/12/2025 16:59,
NEW,CUMBRA INGENIERÍA S.A.,P22114-DA-3400-07-DS-028,Hoja de Datos - Variador de Frecuencia BT - TAG: 400-PPC-016-V,A,11/12/2025,ELECTRICA,Hoja de Datos,Documentos,Técnicos,Revisión Interna,Ingeniería,11/12/2025 17:00,
NEW,CUMBRA INGENIERÍA S.A.,P22114-DA-3400-07-DS-029,"HOJA DE DATOS - TRANSFORMADOR SECO DE DISTRIBUCIÓN, TAG: 400-XFD-001",0,18/02/2026,ELECTRICA,Hoja de Datos,Documentos,Técnicos,Revisado sin Comentarios,Ingeniería,18/02/2026 14:43,3400 - Patio de Tanques
NEW,CUMBRA INGENIERÍA S.A.,P22114-DA-3400-07-DS-030,"HOJA DE DATOS - TABLERO DE DISTRIBUCIÓN, TAG: 400-DPA-001",0,20/02/2026,ELECTRICA,Hoja de Datos,Documentos,Técnicos,Revisado y Validado,Ingeniería,20/02/2026 18:10,3400 - Patio de Tanques
NEW,CUMBRA INGENIERÍA S.A.,P22114-DA-3400-07-DS-031,"HOJA DE DATOS - TABLERO DE DISTRIBUCIÓN, TAG: 400-SBL-001",C,29/01/2026,ELECTRICA,Hoja de Datos,Documentos,Técnicos,Revisado con Comentarios,Ingeniería,29/01/2026 13:11,3400 - Patio de Tanques
NEW,CUMBRA INGENIERÍA S.A.,P22114-DA-3400-07-DS-032,"HOJA DE DATOS - TABLERO DE DISTRIBUCIÓN, TAG: 400-LPA-001",0,20/02/2026,ELECTRICA,Hoja de Datos,Documentos,Técnicos,Revisado y Validado,Ingeniería,20/02/2026 18:11,3400 - Patio de Tanques
NEW,CUMBRA INGENIERÍA S.A.,P22114-DA-3400-07-DS-033,"HOJA DE DATOS SISTEMA UPS, TAGS: 400-UPS-001 Y 400-UPS-002",0,19/02/2026,ELECTRICA,Hoja de Datos,Documentos,Técnicos,Revisado y Validado,Ingeniería,20/02/2026 09:54,3400 - Patio de Tanques
NEW,CUMBRA INGENIERÍA S.A.,P22114-DA-3400-07-DS-034,"HOJA DE DATOS - SWITCHGEAR DE BAJA TENSIÓN, TAG: 400-SGL-001",0,18/02/2026,ELECTRICA,Hoja de Datos,Documentos,Técnicos,Revisado sin Comentarios,Ingeniería,18/02/2026 14:57,3400 - Patio de Tanques
NEW,CUMBRA INGENIERÍA S.A.,P22114-DA-3400-07-DS-035,HOJA DE DATOS - CARGADOR Y BANCO DE BATERÍAS,0,03/06/2026,ELECTRICA,Hoja de Datos,Documentos,Técnicos,Revisado y Validado,Ingeniería,03/06/2026 09:59,3400 - Patio de Tanques
NEW,CUMBRA INGENIERÍA S.A.,P22114-DA-3400-07-DS-036,"HOJA DE DATOS - CENTRO DE CONTROL DE MOTORES DE BAJA TENSIÓN, TAG: 400-MCL-002",0,20/02/2026,ELECTRICA,Hoja de Datos,Documentos,Técnicos,Revisado y Validado,Ingeniería,20/02/2026 13:04,3400 - Patio de Tanques
NEW,CUMBRA INGENIERÍA S.A.,P22114-DA-3400-07-DS-037,HOJA DE DATOS - TABLERO 400-DPD-001,0,14/07/2026,ELECTRICA,Hoja de Datos,Documentos,Técnicos,Revisado y Validado,Ingeniería,14/07/2026 15:22,3400 - Patio de Tanques
NEW,CUMBRA INGENIERÍA S.A.,P22114-DA-3500-07-DS-001,Hoja de Datos Técnicos - Switchgear 23 kV,0,05/02/2026,ELECTRICA,Hoja de Datos,Documentos,Técnicos,Revisado y Validado,Ingeniería,05/02/2026 16:42,3500 - Depositación Electrolítica
NEW,CUMBRA INGENIERÍA S.A.,P22114-DA-3500-07-DS-002,"HOJA DE DATOS TÉCNICOS - SUBESTACIÓN UNITARIA 23/0.48 kV, TAG: 500-XFU-001",1,12/03/2026,ELECTRICA,Hoja de Datos,Documentos,Técnicos,Informativo,Ingeniería,12/03/2026 17:34,3500 - Depositación Electrolítica
NEW,CUMBRA INGENIERÍA S.A.,P22114-DA-3500-07-DS-003,HOJA DE DATOS - SISTEMA DE RECTIFICACIÓN 12 PULSOS - SECTOR 1&2,0,25/02/2026,ELECTRICA,Hoja de Datos,Documentos,Técnicos,Revisado y Validado,Ingeniería,26/02/2026 13:41,3500 - Depositación Electrolítica
NEW,CUMBRA INGENIERÍA S.A.,P22114-DA-3500-07-DS-004,HOJA DE DATOS - SISTEMA DE RECTIFICACIÓN 12 PULSOS - SECTOR 3&4,0,25/02/2026,ELECTRICA,Hoja de Datos,Documentos,Técnicos,Revisado y Validado,Ingeniería,26/02/2026 13:43,3500 - Depositación Electrolítica
NEW,CUMBRA INGENIERÍA S.A.,P22114-DA-3500-07-DS-005,HOJA DE DATOS - SISTEMA DE RECTIFICACIÓN EW  TEGNOLOGÍA IGBT - SECTOR 1&2,0,06/03/2026,ELECTRICA,Hoja de Datos,Documentos,Técnicos,Revisado y Validado,Ingeniería,06/03/2026 11:26,3500 - Depositación Electrolítica
NEW,CUMBRA INGENIERÍA S.A.,P22114-DA-3500-07-DS-006,HOJA DE DATOS - SISTEMA DE RECTIFICACIÓN EW  TECNOLOGÍA IGBT - SECTOR 3&4,0,06/03/2026,ELECTRICA,Hoja de Datos,Documentos,Técnicos,Revisado y Validado,Ingeniería,06/03/2026 11:27,3500 - Depositación Electrolítica
NEW,CUMBRA INGENIERÍA S.A.,P22114-DA-3500-07-DS-007,"Hoja de Datos Técnicos - Filtros de Armónicos y Compensación Reactiva, TAG: 500-FLH-001",A,21/11/2025,ELECTRICA,Hoja de Datos,Documentos,Técnicos,Revisión Interna,Ingeniería de Detalle,21/11/2025 21:09,
NEW,CUMBRA INGENIERÍA S.A.,P22114-DA-3500-07-DS-009,"HOJA DE DATOS - GENERADOR DIESEL, TAG: 500-GED-003 Y TABLERO DE TRANSFERENCIA AUTOMÁTICA, TAG: 500-ATS-003",0,27/05/2026,ELECTRICA,Hoja de Datos,Documentos,Técnicos,Revisado y Validado,Ingeniería,28/05/2026 08:51,3500 - Depositación Electrolítica
NEW,CUMBRA INGENIERÍA S.A.,P22114-DA-3500-07-DS-011,"HOJA DE DATOS - DUCTO DE BARRAS DE BAJA TENSIÓN, TAG: 500-BSL-001",0,26/02/2026,ELECTRICA,Hoja de Datos,Documentos,Técnicos,Revisado y Validado,Ingeniería,27/02/2026 02:05,3500 - Depositación Electrolítica
NEW,CUMBRA INGENIERÍA S.A.,P22114-DA-3500-07-DS-012,"HOJA DE DATOS - CENTRO DE CONTROL DE MOTORES DE BAJA TENSIÓN, ÁREA 3500",0,02/06/2026,ELECTRICA,Hoja de Datos,Documentos,Técnicos,Revisado y Validado,Ingeniería,03/06/2026 10:43,3500 - Depositación Electrolítica
NEW,CUMBRA INGENIERÍA S.A.,P22114-DA-3500-07-DS-013,HOJAS DE DATOS - VARIADORES DE FRECUENCIA EN BT – ÁREA DE,0,25/05/2026,ELECTRICA,Hoja de Datos,Documentos,Técnicos,Revisado con Comentarios,Ingeniería,25/05/2026 11:32,3500 - Depositación Electrolítica
NEW,CUMBRA INGENIERÍA S.A.,P22114-DA-3500-07-DS-016,Hoja de Datos - Variador de Frecuencia BT - TAG: 500-PPC-008-V,A,11/12/2025,ELECTRICA,Hoja de Datos,Documentos,Técnicos,Revisión Interna,Ingeniería,11/12/2025 17:00,
NEW,CUMBRA INGENIERÍA S.A.,P22114-DA-3500-07-DS-018,Hoja de Datos - Variador de Frecuencia BT - TAG: 500-FAN-002-V,A,11/12/2025,ELECTRICA,Hoja de Datos,Documentos,Técnicos,Revisión Interna,Ingeniería,11/12/2025 16:58,
NEW,CUMBRA INGENIERÍA S.A.,P22114-DA-3500-07-DS-019,Hoja de Datos - Variador de Frecuencia BT - TAG: 500-FAN-003-V,A,11/12/2025,ELECTRICA,Hoja de Datos,Documentos,Técnicos,Revisión Interna,Ingeniería,11/12/2025 17:01,
NEW,CUMBRA INGENIERÍA S.A.,P22114-DA-3500-07-DS-020,Hoja de Datos - Variador de Frecuencia BT - TAG: 500-FAN-004-V,A,11/12/2025,ELECTRICA,Hoja de Datos,Documentos,Técnicos,Revisión Interna,Ingeniería,11/12/2025 17:02,
NEW,CUMBRA INGENIERÍA S.A.,P22114-DA-3500-07-DS-021,"HOJA DE DATOS - TRANSFORMADOR SECO DE DISTRIBUCIÓN, TAG: 500-XFD-001",0,28/05/2026,ELECTRICA,Hoja de Datos,Documentos,Técnicos,Revisado y Validado,Ingeniería,28/05/2026 14:02,3500 - Depositación Electrolítica
NEW,CUMBRA INGENIERÍA S.A.,P22114-DA-3500-07-DS-022,"Hoja de Datos - Tablero de Distribución, TAG: 500-DPA-001",C,06/03/2026,ELECTRICA,Hoja de Datos,Documentos,Técnicos,Revisado con Comentarios,Ingeniería,06/03/2026 17:08,3500 - Depositación Electrolítica
NEW,CUMBRA INGENIERÍA S.A.,P22114-DA-3500-07-DS-026,"Hoja de Datos - Tablero de Distribución, TAG: 500-LPA-001",C,06/03/2026,ELECTRICA,Hoja de Datos,Documentos,Técnicos,Revisado con Comentarios,Ingeniería,06/03/2026 17:09,3500 - Depositación Electrolítica
NEW,CUMBRA INGENIERÍA S.A.,P22114-DA-3500-07-DS-028,"HOJA DE DATOS - TABLERO DE DISTRIBUCIÓN, TAG: 500-DPD-001",B,06/03/2026,ELECTRICA,Hoja de Datos,Documentos,Técnicos,Revisado con Comentarios,Ingeniería,06/03/2026 17:30,3500 - Depositación Electrolítica
NEW,CUMBRA INGENIERÍA S.A.,P22114-DA-3500-07-DS-031,"Hoja de Datos - Sistema UPS, TAGS: 500-UPS-001 Y 500-UPS-002",0,21/07/2026,ELECTRICA,Hoja de Datos,Documentos,Técnicos,Revisado y Validado,Ingeniería,21/07/2026 10:40,3500 - Depositación Electrolítica
NEW,CUMBRA INGENIERÍA S.A.,P22114-DA-3500-07-DS-032,HOJA DE DATOS - CARGADOR Y BANCO DE BATERÍAS,0,30/04/2026,ELECTRICA,Hoja de Datos,Documentos,Técnicos,Revisado y Validado,Ingeniería,30/04/2026 16:44,3500 - Depositación Electrolítica
NEW,CUMBRA INGENIERÍA S.A.,P22114-DA-3500-07-DS-034,"Hoja de Datos - Sala Eléctrica Rectificador, TAG: 500-ERF-001",A,21/11/2025,ELECTRICA,Hoja de Datos,Documentos,Técnicos,Revisión Interna,Ingeniería de Detalle,21/11/2025 18:02,
NEW,CUMBRA INGENIERÍA S.A.,P22114-DA-3500-07-DS-036,"Hoja de Datos - Sistema Rectificador EW, TAG: 500-RCC-001",A,21/11/2025,ELECTRICA,Hoja de Datos,Documentos,Técnicos,Revisión Interna,Ingeniería de Detalle,21/11/2025 15:48,
NEW,CUMBRA INGENIERÍA S.A.,P22114-DA-3500-07-DS-042,"HOJA DE DATOS - SWITCHGEAR DE BAJA TENSIÓN, TAG: 500-SGL-001",1,14/04/2026,ELECTRICA,Hoja de Datos,Documentos,Técnicos,Revisado y Validado,Ingeniería,14/04/2026 09:03,3500 - Depositación Electrolítica
NEW,CUMBRA INGENIERÍA S.A.,P22114-DA-3500-07-DS-043,HOJA DE DATOS - TRANSFORMADOR PARA SISTEMA DE RECTIFICACIÓN,0,13/07/2026,ELECTRICA,Hoja de Datos,Documentos,Técnicos,Revisado y Validado,Ingeniería,13/07/2026 17:23,3500 - Depositación Electrolítica
NEW,CUMBRA INGENIERÍA S.A.,P22114-DA-3660-07-DS-001,"HOJA DE DATOS - SUBESTACION UNITARIA 23/0.48 kV, TAG: 660-XFU-001",B,17/08/2026,ELECTRICA,Hoja de Datos,Documentos,Técnicos,Revisión de SPCC,Ingeniería,18/08/2026 09:27,3660 - Laboratorio
NEW,CUMBRA INGENIERÍA S.A.,P22114-DA-3660-07-ER-001,REQUISICIÓN DE EQUIPOS ELECTRICOS - SUBESTACION UNITARIA 23 / 0.48 kV,B,21/08/2026,ELECTRICA,Requisición,Documentos,Técnicos,Revisión de SPCC,Ingeniería,21/08/2026 14:54,3660 - Laboratorio
NEW,CUMBRA INGENIERÍA S.A.,P22114-DA-3660-07-MC-002,MEMORIA DE CÁLCULO – MÁXIMA DEMANDA,A,21/08/2026,ELECTRICA,Memoria de Calculo,Documentos,Técnicos,Revisión Interna,Ingeniería,21/08/2026 17:43,3660 - Laboratorio
NEW,SOUTHERN PERU COPPER CORPORATION SUCURSAL DEL PERÚ,P22114-M3-CCP-INFOHU-0044,"Rpta. Complementaria de los siguientes entregables: TRM-356, 392, 414",0,21/03/2026,ELECTRICA,Informe Técnico,Documentos,Técnicos,Para uso y aplicación,Ingeniería,30/03/2026 07:46,0000 - General
NEW,SOUTHERN PERU COPPER CORPORATION SUCURSAL DEL PERÚ,P22132-M3-CCP-INFOHU-0008,INFORME TÉCNICO - P22114-DA-0000-07-ER-004_B OBS M3,0,12/01/2026,ELECTRICA,Informe Técnico,Documentos,Técnicos,Para uso y aplicación,Ingeniería,14/01/2026 17:34,
NEW,MANUFACTURAS ELÉCTRICAS S.A. (MANELSA),P22MANE3-DA-3000-07-WD-007,DIAGRAMA ESQUEMATICO TIPICO DE CONTROL DE SGM EN ÁREA HUMEDA,0,16/07/2026,ELECTRICA,Planos,Planos,Técnicos,Revisado y Validado,Ingeniería Vendor,17/07/2026 18:04,3000 - Área Húmeda - General
NEW,MANUFACTURAS ELÉCTRICAS S.A. (MANELSA),P22MANE3-DA-3000-15-WR-001,REPORTE SEMANAL,B,18/06/2026,ELECTRICA,Informe Semanal,Documentos,Técnicos,Emitida para Revisión,Ingeniería Vendor,29/06/2026 11:25,3000 - Área Húmeda - General
NEW,METSO FINLAND OY.,P22METSO-DA-3300-07-LY-001,ÁREA EXTRACCIÓN POR SOLVENTE - PLANTA ÁREAS CLASIFICADAS (ELÉCTRICAS),B,02/06/2026,ELECTRICA,Planos,Planos,Técnicos,Revisión Interna,Ingeniería Vendor,16/06/2026 15:19,3300 - Extracción por Solventes
NEW,METSO FINLAND OY.,P22METSO-DA-3300-07-LY-002,ÁREA EXTRACCIÓN POR SOLVENTE - ELEVACIONES ÁREAS CLASIFICADAS (ELÉCTRICAS),B,02/06/2026,ELECTRICA,Planos,Planos,Técnicos,Revisión Interna,Ingeniería Vendor,16/06/2026 15:19,3300 - Extracción por Solventes
NEW,METSO FINLAND OY.,P22METSO-DA-3300-07-MC-001,ÁREA EXTRACCIÓN POR SOLVENTE - MEMORIA DE CALCULO DEMANDA ELÉCTRICA (METSO),B,15/05/2026,ELECTRICA,Memoria de Calculo,Documentos,Técnicos,Aceptado - Cerrado,Ingeniería Vendor,26/05/2026 16:19,3300 - Extracción por Solventes
NEW,METSO FINLAND OY.,P22METSO-DA-3400-07-LY-001,ÁREA PATIO DE TANQUES - PLANTA ÁREAS CLASIFICADAS (ELÉCTRICAS),B,02/06/2026,ELECTRICA,Planos,Planos,Técnicos,Revisión Interna,Ingeniería Vendor,16/06/2026 15:19,3400 - Patio de Tanques
NEW,METSO FINLAND OY.,P22METSO-DA-3400-07-LY-002,ÁREA PATIO DE TANQUES - ELEVACIONES ÁREAS CLASIFICADAS (ELÉCTRICAS),B,02/06/2026,ELECTRICA,Planos,Planos,Técnicos,Revisión Interna,Ingeniería Vendor,16/06/2026 15:19,3400 - Patio de Tanques
NEW,METSO FINLAND OY.,P22METSO-DA-3400-07-MC-001,ÁREA PATIO DE TANQUES - MEMORIA DE CALCULO DEMANDA ELÉCTRICA (METSO),B,02/06/2026,ELECTRICA,Memoria de Calculo,Documentos,Técnicos,Aceptado - Cerrado,Ingeniería Vendor,16/06/2026 15:19,3400 - Patio de Tanques
NEW,METSO FINLAND OY.,P22METSO-DA-3400-07-WD-001,FILTROS DUAL MEDIA - PLANOS ELÉCTRICOS,0,19/06/2026,ELECTRICA,Planos,Planos,Técnicos,Revisado con Comentarios,Ingeniería Vendor,22/06/2026 13:01,3400 - Patio de Tanques
NEW,SCHNEIDER ELECTRIC PERU S.A.,TM2805516-SCHN-SPCC-RFI-001-26,RFI 001 Solicitud Inicial,0,21/04/2026,ELECTRICA,Solicitud de Información (Request For Informatión),Documentos,Técnicos,Respondido,Ingeniería Vendor,21/04/2026 17:08,3500 - Depositación Electrolítica
NEW,SCHNEIDER ELECTRIC PERU S.A.,TM2805516-SCHN-SPCC-RFI-002-26,Solicitud de Informacion 02,0,06/07/2026,ELECTRICA,Solicitud de Información (Request For Informatión),Documentos,Técnicos,Rechazado,Ingeniería Vendor,06/07/2026 15:20,3500 - Depositación Electrolítica
NEW,MANUFACTURAS ELÉCTRICAS S.A. (MANELSA),TM2813234-MANE-SPCC-RFI-001-26,REQUERIMIENTO DE INFORMACIÓN 001,0,03/06/2026,ELECTRICA,Solicitud de Información (Request For Informatión),Documentos,Técnicos,Aceptado - Cerrado,Ingeniería Vendor,04/06/2026 15:24,3000 - Área Húmeda - General
NEW,MANUFACTURAS ELÉCTRICAS S.A. (MANELSA),TM2813234-MANE-SPCC-RFI-002-26,REQUERIMIENTO DE INFORMACIÓN 002,0,03/06/2026,ELECTRICA,Solicitud de Información (Request For Informatión),Documentos,Técnicos,Aceptado - Cerrado,Ingeniería Vendor,04/06/2026 15:24,3000 - Área Húmeda - General
NEW,MANUFACTURAS ELÉCTRICAS S.A. (MANELSA),TM2813234-MANE-SPCC-RFI-003-26,REQUERIMIENTO DE INFORMACIÓN 003,0,03/06/2026,ELECTRICA,Solicitud de Información (Request For Informatión),Documentos,Técnicos,Aceptado - Cerrado,Ingeniería Vendor,04/06/2026 15:24,3000 - Área Húmeda - General
NEW,MANUFACTURAS ELÉCTRICAS S.A. (MANELSA),TM2813234-MANE-SPCC-RFI-004-26,REQUERIMIENTO DE INFORMACIÓN 004,0,03/07/2026,ELECTRICA,Solicitud de Información (Request For Informatión),Documentos,Técnicos,Respondido - Cerrado,Ingeniería Vendor,03/07/2026 16:25,3000 - Área Húmeda - General
NEW,CUMBRA INGENIERÍA S.A.,TM3114-CCP-SPCC-RFI-017-25,Información equipos existentes EW,0,20/11/2025,ELECTRICA,Solicitud de Información (Request For Informatión),Documentos,Técnicos,Atendido,Ingeniería de Detalle,20/11/2025 09:31,
NEW,SOUTHERN PERU COPPER CORPORATION SUCURSAL DEL PERÚ,TM3114-SPCC-CCP-RFI-007-26,Metrado de cables de MT,1,28/05/2026,ELECTRICA,Solicitud de Información (Request For Informatión),Documentos,Técnicos,Atendido,Ingeniería,28/05/2026 11:38,3000 - Área Húmeda - General
NEW,SOUTHERN PERU COPPER CORPORATION SUCURSAL DEL PERÚ,TM3114-SPCC-CCP-RFI-008-26,Descripción y Metrado de terminaciones de cables de MT,1,28/05/2026,ELECTRICA,Solicitud de Información (Request For Informatión),Documentos,Técnicos,Atendido,Ingeniería,28/05/2026 11:39,3000 - Área Húmeda - General
